Country Name En,Unit Name,2022,2022 Flag,2021,2021 Flag,2020,2020 Flag,2019,2019 Flag,2018,2018 Flag,2017,2017 Flag,2016,2016 Flag,2015,2015 Flag,2014,2014 Flag,2013,2013 Flag,2012,2012 Flag,2011,2011 Flag,2010,2010 Flag,2009,2009 Flag,2008,2008 Flag,2007,2007 Flag,2006,2006 Flag,2005,2005 Flag,2004,2004 Flag,2003,2003 Flag,2002,2002 Flag,2001,2001 Flag,2000,2000 Flag
Afghanistan,Tonnes - live weight,2000,E,1800,E,2000,E,2100,E,2050,E,2000,E,1900,E,1750,E,1600,E,1450,E,1300,E,1150,E,1000,E,1000,E,1000,E,1000,E,1000,E,1000,E,1000,E,900,E,900,E,800,E,1000,E
Albania,Tonnes - live weight,8739.5,A,9641.5,A,7627.165,A,8711.5,A,8648.3,A,8563.2,A,7862.09,A,7855.1,A,8705.05,A,8973.094,A,8605.2,A,4805.2,A,5132.2,A,5811,A,5365,A,5413.4,A,5652.3,A,5000,A,4549.5,A,2801.6,E,3656.8,A,3311.2,A,3328,A
Algeria,Tonnes - live weight,80790,E,79200.005,A,71518.724,A,100553.083,A,115058,A,103875.291,A,100004.88,A,95798.89,A,97683.17,A,100973.13,A,105543.407,A,101814.86,A,93464,A,127777,A,138862.43,A,147363.131,A,145763.8,A,126260.3,A,113464.2,A,140959,A,134324.8,A,133628,A,113159.9,A
American Samoa,Tonnes - live weight,1311.094,A,1195.001,A,871.198,A,1434.86,A,2028.497,A,2317.902,A,2252.315,A,4357.956,A,2426.72,A,2841.457,A,4371.981,A,3587.094,A,5122.816,A,4944,A,4424,A,6519,A,5349,A,4019,A,4041,A,5089,A,6939,A,3667,A,846,A
Andorra,Tonnes - live weight,0,N,0,N,0,N,0,N,0,N,0,N,0,N,0,N,0,N,0,N,0,N,0,N,0,N,0,N,0,N,0,N,0,N,0,N,0,N,0,N,0,N,0,N,0,N
Angola,Tonnes - live weight,469336,A,528714,A,374453,A,399762,A,443066,A,531575,A,486490,A,495232,A,442084,A,407000,E,374000,E,342000,E,310000,E,272042,A,305860,A,306436,A,225741,A,202616,E,240002,A,212033,A,255443,A,254553,A,239351,A
Anguilla,Tonnes - live weight,840,E,755,E,835,A,758,A,758,A,758,A,684,A,780,A,876,A,788,A,981,A,884,A,620,A,617,A,739,A,713,E,688,E,663,E,638,E,613,E,588,E,563,E,538,E
Antigua and Barbuda,Tonnes - live weight,3230,E,3205,E,3115,E,3165,E,3165,E,3165,E,3165,E,3165,A,3114,A,4605,A,5951,A,3055,A,2219,A,2416,A,3389,A,3042,A,3044,A,2948,A,2473,A,2541,A,2343,A,1797,A,1723,A
Argentina,Number,2,A,1339,A,22333,A,28547,A,2822,A,14207,A,15926,A,21550,A,23501,A,19600,A,24500,A,22680,A,6413,A,10658,A,4866,A,7209,A,4636,A,4072,A,1132,A,1083,A,350,A,201,A,489,A
Argentina,Tonnes - live weight,847752.718,A,852565.782,A,837589.518,A,826095,A,835387,A,835061,A,755226,A,814300,A,829935,A,870705,A,738060,A,793308,A,811749,A,861974,A,995083,A,985409,A,1171980,A,929937,A,944846,A,910200,A,946185,A,931081,A,921800,A
Armenia,Tonnes - live weight,999.999,E,769.999,E,750,E,710,E,369,E,364,E,3758,E,8140,E,4795,A,4099,E,861,A,795,E,617,E,619,E,601,E,1065,E,350,E,250,E,218,A,569,A,465,A,866,A,1133,A
Aruba,Tonnes - live weight,172,E,165,E,160,E,163,A,149,A,149,A,150,A,150,A,152,A,145,A,138,A,166,A,153,A,163,A,151,A,159,A,145,A,162,E,162,A,160,E,163,E,163,A,163,A
"Ascension, Saint Helena and Tristan da Cunha",Number,,,,,,,0,A,0,A,0,A,0,A,0,A,0,A,0,A,0,A,0,A,0,A,0,A,0,A,0,A,0,A,0,A,0,A,0,A,0,A,0,A,0,A
"Ascension, Saint Helena and Tristan da Cunha",Tonnes - live weight,494.68,E,514.896,E,510.076,E,769.416,A,809.152,A,814.11,A,889.57,A,612.916,A,650.83,A,573.92,A,678.37,A,1302,A,864,A,856,A,794,A,837,A,1120,A,1130,A,1061,A,985,A,598,A,867,A,719,A
Australia,Number,37315,A,33596,A,28603,A,37326,A,39264,A,48887,A,32846,A,34942,A,30793,A,31774,A,43774,A,32201,A,30556,A,20964,A,28673,A,21381,A,16231,A,22847,A,12274,A,15539,A,10457,A,11881,A,13333,A
Australia,Tonnes - live weight,165059.213,A,160776.584,A,176495.736,A,166127.587,A,171113.223,A,164652.029,A,172583.484,A,151858.152,A,150778.505,A,159328.376,A,166872.318,A,176324.689,A,180130.386,A,178111.493,A,182817.701,A,189661.317,A,212900,A,250986.289,A,243559.049,A,224550.23,A,207516,A,205227,A,206380,A
Austria,Tonnes - live weight,350,E,350,E,350,E,350,E,350,A,350,A,350,A,350,A,350,A,350,A,300,A,350,A,350,A,350,A,350,A,350,A,360,A,370,A,400,A,372,A,350,A,362,A,439,A
Azerbaijan,Tonnes - live weight,1790,A,1464,A,2089,A,1177,A,1614,A,965,A,735,A,626.2,A,929,A,857,A,911,A,1061,A,1131,A,1206,A,1524,A,2949,A,4061,A,9001,A,9258,A,6435,A,11188,A,10893,A,18797,A
Bahamas,Number,,,0,A,0,A,0,A,0,A,0,A,0,A,0,A,0,A,0,A,0,A,0,A,0,A,0,A,0,A,0,A,0,A,0,A,0,A,0,A,0,A,0,A,0,A
Bahamas,Tonnes - live weight,9345.212,A,8704.851,A,7433.142,A,10145.915,A,10998.694,A,11479.94,A,11625,A,11307.29,A,11878.22,A,12765,A,16756.829,A,15313,A,16342.44,A,13809.83,A,14813,A,10912,A,16242,A,15555,A,15164,A,16724,A,15675,A,13671,A,15527,A
Bahrain,Tonnes - live weight,19836.587,E,17000.005,E,17202.011,E,18279.993,E,21071.043,E,18499.993,E,17300.005,E,16500.005,E,18384,A,19274,A,27091,A,9915,A,13490,A,16356,A,14176,A,15013,A,15593,A,11855,A,14489,A,13638,A,11204,A,11230,A,11718,A
Bangladesh,Number,0,A,0,A,0,A,477,A,,,,,600,A,400,A,430,A,,,0,A,0,A,0,A,0,A,0,A,0,A,0,A,0,A,0,A,0,A,0,A,0,A,0,A
Bangladesh,Tonnes - live weight,2027661,A,1982483,A,1919505.001,A,1895619,A,1871225,A,1801084,A,1674770,A,1623837,A,1592174,A,1550446,A,1535715,A,1600918,A,1726586,A,1821579,A,1557754,A,1494199,A,1436496,A,1333866,A,1187274,A,1141241,A,1103855,A,1068417,A,1004264,A
Barbados,Tonnes - live weight,851.543,E,846.567,A,1033.76,A,874.731,A,1731.953,A,1739.549,A,1735.481,A,1498.947,A,2206.311,A,2975.883,A,1360.627,A,1817.89,A,3280,A,3507,A,3562,A,2235,A,1986,A,2193,A,2159,A,2849,A,2530,A,2731,A,3185,A
Belarus,Tonnes - live weight,356,A,611.231,A,939.054,A,662,A,800.4,A,773.3,A,688.3,A,869,A,766,A,697,A,965,A,1122,A,897,A,826,A,809,A,689,A,645,A,594,A,583,A,803,A,1020,A,944,A,553,A
Belgium,Number,,,0,A,0,A,0,A,0,A,0,A,0,A,0,A,0,A,17,A,15,A,0,A,0,A,15,A,0,A,0,A,29,A,19,A,19,A,0,A,0,A,0,A,0,A
Belgium,Tonnes - live weight,18710,A,17937,A,19953.8,A,21350,A,23005,A,24649,A,26970,A,24721,A,26793,A,25662,A,24659,A,22477,A,22418,A,21722,A,22609,A,24541,A,23019,A,24567,A,26735,A,26831,A,29028,A,30209,A,29800,A
Belize,Tonnes - live weight,204764.256,E,191504.127,E,186909.895,E,213986.359,A,216956.026,A,121359.059,A,91424.505,A,97524.239,A,76201.203,A,34703.607,A,171943.243,A,277494.308,A,399928,A,304217,A,364274,A,305645,A,185773,A,100507,A,70046,A,43358,A,84360,A,30746,A,30322,A
Benin,Tonnes - live weight,76105,E,74615,E,73965,E,73484.9,E,54959,A,48203,A,49806,A,36477,A,47583,A,42416,A,40364,A,38848,A,39791,E,38928,E,37495,E,36386,E,41507,E,31497,E,39988,E,41648,E,40663,E,38415,E,32324,E
Bermuda,Tonnes - live weight,392,A,419,A,358.48,A,374,A,354,A,380,A,410,A,407,A,417,A,461,A,516,A,478,A,375,A,416,A,401,A,425,A,381,A,401,A,386,A,363,A,397,A,309,A,290,A
Bhutan,Tonnes - live weight,9,A,1.1,A,0.5,A,0.5,A,0,A,16,A,12,E,7,A,5,E,3,A,2,A,4,E,6,E,8,E,10,E,15,E,20,E,25,E,30,E,35,E,40,E,45,E,50,E
Bolivia (Plurinational State of),Number,44316,A,11658,A,6610,A,202176,A,29734,A,53940,A,43492,A,67606,A,84970,A,61500,A,59087,A,48612,A,24192,A,27885,A,54588,A,49115,A,44443,A,51330,A,36299,A,43528,A,31018,A,28170,A,,
Bolivia (Plurinational State of),Tonnes - live weight,7800,E,7600,E,7500,E,7900,E,7400,E,7000,E,7000,E,7000,E,6990,A,7171,A,6820,A,6677,A,6946,A,7568,A,6750,A,5770,A,6080,E,6360,A,6436,A,6599,A,6300,E,5940,A,6106,A
"Bonaire, Sint Eustatius and Saba",Tonnes - live weight,265,E,265,E,250,E,265,E,261,E,261,A,263,E,305,E,259,A,236,A,210,A,161,E,,,,,,,,,,,,,,,,,,,,,,
Bosnia and Herzegovina,Tonnes - live weight,305,A,305,A,305,A,305,A,305,A,305,A,305,A,305,A,305,E,305,E,305,E,305,E,305,E,305,E,305,E,305,E,305,E,305,E,305,E,255,E,255,E,255,E,255,E
Botswana,Number,3655,A,2007,A,1550,A,1960,A,1600,A,3200,A,900,A,4440,A,4500,A,4000,A,2800,A,2000,A,1500,A,1626,A,374,A,320,A,,,,,,,9,A,0,A,152,A,11,A
Botswana,Tonnes - live weight,38,E,38,E,33,E,38,E,38,E,38,E,38,A,81,A,1168,A,431,A,378,A,234,A,60,A,73,E,86,A,122,A,81,A,132,A,161,A,122,A,139,A,118,A,166,A
Brazil,Number,16755,A,13095,A,4251,A,9230,A,3275,A,11690,A,177,A,12720,A,5258,A,22345,A,6645,A,9082,A,1176,A,9141,A,7051,A,12053,A,979,A,638,A,7357,A,13210,A,6181,A,1326,A,11351,A
Brazil,Tonnes - live weight,758512,E,768912.556,E,730845.922,E,734278.778,E,725398.373,E,732531.009,E,726606.967,E,709154.194,E,773293.416,A,770017.557,A,818590.486,A,760696,A,785369,A,825412,A,791892,A,783177,A,779113,A,750261,A,746217,A,712144,A,755582,A,730378,A,666846,A
British Indian Ocean Territory,Tonnes - live weight,0,A,0,A,0,A,0,A,10,A,15,A,7,A,12,A,9,A,11,A,9,A,34,A,40,A,44,A,34,A,24,A,21,A,28,A,28,A,28,A,28,A,0,A,0,A
British Virgin Islands,Tonnes - live weight,1134.438,E,1133.19,E,1121,E,1192,E,1192,E,1192,E,1192,E,1199.652,E,1204.399,E,1202.5,E,1196,E,1200,E,1201,E,1201,E,1202,E,1251,E,1308,E,1295,E,1262,A,2771,A,1062,A,837,A,43,A
Brunei Darussalam,Number,,,,,,,,,,,,,,,,,,,,,0,A,0,A,0,A,0,A,0,A,0,A,0,A,0,A,0,A,0,A,0,A,0,A,0,A
Brunei Darussalam,Tonnes - live weight,16060,E,15295.003,A,13091.04,A,13690.42,A,13566,A,11864,A,13292,A,3370,A,3186,A,2826,A,4523,E,2154,E,2351,A,1958,A,2357,A,2550,A,2279,A,2709,A,1923,A,1789,A,2058,A,1597,A,2487,A
Bulgaria,Tonnes - live weight,5594.378,A,9009.27,A,6295.807,A,10329.65,A,8598.906,A,8559.038,A,8614.223,A,8828.733,A,8687.395,A,9669.933,A,9581.1,A,9623.257,A,10769,A,8978,A,8864,A,8903,A,7544,A,5434,A,8252,A,12035,A,15008,A,8674,A,8663,A
Burkina Faso,Tonnes - live weight,30044,A,29731,A,29104,A,27803,A,27299,A,25208,A,21770,A,20750,A,20700,A,20500,A,20300,A,16060,A,14520,E,11800,E,11093,A,10200,A,9500,A,9000,A,9000,E,9000,A,8500,A,8500,A,8500,A
Burundi,Tonnes - live weight,19935,E,19550,E,19589,E,20372,E,20310,E,18999,A,21805,A,20120,A,16054,A,13232,A,12309,A,10654,A,17305,A,12615,A,18265,A,11309,A,12978,A,13400,E,13855,A,14697,A,11000,E,8964,A,17315,A
Cabo Verde,Tonnes - live weight,7758.94,A,11623.868,A,19485.246,A,17190.317,A,26593.231,A,18617,A,27938.724,A,39393.278,A,35677.405,A,35983.796,A,20943.446,A,23077,A,21412,A,19213,A,21119,A,20127,A,19826,A,21931,A,11031,A,8136,A,8851,A,8676,A,10586,A
Cambodia,Number,,,,,,,300,E,3469,E,4652,E,5755,E,18050,E,7602,E,10000,E,5000,E,,,,,185000,E,156500,E,128945,E,137642,E,120000,E,74820,E,78008,E,50850,E,36000,E,26300,E
Cambodia,Tonnes - live weight,533450,E,508050,E,535900,E,601100,E,656105,E,648820,E,629950,E,608405.001,E,625255,E,638000,E,608000,E,536000,E,490000,E,465000,E,431000,E,458500,E,482500,E,381000,E,305800,E,363500,E,406150.001,E,427000.001,E,281619.51,E
Cameroon,Tonnes - live weight,299035,E,290330,E,281630,E,296953.828,A,281945,A,266737,A,233190,A,224000,A,215000,A,207000,A,199000,A,190000,E,181000,E,172000,E,155300,E,138612,A,137232,A,142345,A,129000,E,117801,A,130135,A,121031,E,112109,A
Canada,Number,31572,A,28127,A,394,A,399,A,59557,A,85310,A,66506,A,35844,A,59488,A,95224,A,67571,A,37921,A,67007,A,53531,A,215440,A,223641,A,296749,A,290242,A,326065,A,262926,A,287936,A,196801,A,88924,A
Canada,Tonnes - live weight,704176.878,A,754137.173,A,765345.976,A,853387.643,A,854090.729,A,854100.164,A,886759.007,A,871148.223,A,884382.504,A,893000.044,A,834404.224,A,939688.327,A,975764,A,993173,A,967874,A,1044982,A,1122606,A,1145594,A,1213644,A,1153788,A,1105841,A,1076924,A,1032686,A
Cayman Islands,Tonnes - live weight,125,E,125,E,125,E,125,E,125,E,125,A,125,A,125,A,125,A,125,A,125,A,125,A,125,A,125,A,125,A,125,A,125,A,125,A,125,A,125,A,125,A,125,A,125,A
Central African Republic,Tonnes - live weight,29000,E,28000,E,27500,E,29000,E,29000,E,29000,E,29000,E,28000,E,29000,E,30000,E,32000,A,35000,E,35000,E,33000,E,31000,E,29000,E,27000,E,25000,E,23000,E,21000,E,19000,E,17000,E,15000,E
Chad,Tonnes - live weight,107000,E,103000,E,105000,E,107000,E,107000,E,107045,A,110000,A,100000,A,120020,A,120000,A,100000,A,95000,A,91000,A,88000,A,85000,A,82000,A,79000,A,77000,A,74000,A,71000,A,70000,E,75000,E,83200,A
Channel Islands,Tonnes - live weight,2290,E,2187.512,A,2073.375,A,3050,A,3203,A,2731,A,2985,A,2574,A,2983,A,2848,A,2955,A,2976,A,3373,A,2649,A,3228,A,3566,A,3468,A,3505,A,3201,A,3526,A,3449,A,3927,A,3589,A
Chile,Number,,,,,,,0,A,0,A,0,A,0,A,0,A,0,A,0,A,0,A,2,A,0,A,1,A,0,A,2,A,14,A,4,A,1,A,0,A,0,A,0,A,0,A
Chile,Tonnes - live weight,2690091.465,A,2391196.602,A,2183235.138,A,2380299.998,A,2371682.221,A,2335016.12,A,1826602.405,A,2131693,A,2592748,A,2288875.04,A,3007536.309,A,3466956,A,3048316,A,3821818,A,3939379,A,4132854,A,4461856.001,A,4738165,A,5317385,A,3921103,A,4515437,A,4031799,A,4547594,A
China,Tonnes - live weight,13179077,A,13142837,A,13445983,A,14169893.45,A,14831109.11,A,15576685.31,A,16019261.58,A,16647934.69,A,16363366.41,A,15633567.44,A,15446318.15,A,15263615.15,A,15054057,A,15062980,A,15157263,A,14987636,A,14995706,A,14850730,E,14786243,E,14598934,E,14426596,E,14403875,E,14823866,E
"China, Hong Kong SAR",Tonnes - live weight,77199.998,E,115178.999,E,119428,E,122929,E,124299,E,127554,E,142775,E,145193,E,160789,E,170129,E,155230,E,170720,E,168010,E,158965,E,158126,E,154147,E,154536,E,161964,E,167544,E,157444,E,169790,E,173972,E,157012,E
"China, Macao SAR",Tonnes - live weight,1500,E,1500,E,1500,E,1500,E,1500,E,1500,E,1500,E,1500,E,1500,E,1500,E,1500,E,1500,E,1500,E,1500,E,1500,E,1500,E,1500,E,1500,E,1500,E,1500,E,1500,E,1500,E,1500,E
Colombia,Number,415192,A,321987,A,245158,A,368339,A,369674,A,313164,A,370648,A,517275,A,740043,A,857696,A,629746,A,640095,A,647765,A,405396,A,532761,A,673312,A,974730,A,602086,A,612071,A,555849,A,540579,A,704413,A,832203,A
Colombia,Tonnes - live weight,107570,E,130030.129,A,91922.453,A,112072.552,A,81581,A,88261.5,A,69381,A,81951,A,92879,A,70706,A,72004,A,87491,A,81168,A,106450,A,112892,E,121655,E,103997,E,121002,A,112492,A,130147,A,124799,A,146164,A,137061,A
Comoros,Tonnes - live weight,18933.313,A,19396.261,A,20770.516,A,17593.855,A,13772.438,A,17515.848,A,20157.488,A,11762.692,A,9256.891,A,43732.217,A,36295.225,A,38180,A,63447,A,44745,A,22714,A,14401,A,10464,E,10738,A,10987,A,11053,A,11178,A,11425,A,12003,A
Congo,Tonnes - live weight,64134.185,A,69419,A,70637.352,A,70349.837,A,98734,A,95035,A,86834,A,69349,A,73536,A,73326,A,81150,A,73233,A,65186,A,61218,A,54104,A,59216,A,59082,A,54616,A,57024,A,53865,A,51927,E,48830,E,45958,E
Cook Islands,Tonnes - live weight,6461.332,A,5474.553,A,2648.017,A,5782.676,A,4448.088,A,4142,A,2303,A,5406,A,3814.185,A,3835.2,A,8357.7,A,6688.1,A,10039,A,2708,A,3754,A,4303,A,3912,A,3994,A,4069,A,3305,A,1411,E,827,E,1025,E
Costa Rica,Number,,,,,,,0,A,0,A,0,A,0,A,0,A,0,A,0,A,0,A,3,A,0,A,0,A,0,A,0,A,0,A,0,A,0,A,0,A,0,A,0,A,0,A
Costa Rica,Tonnes - live weight,33668.684,A,29598.006,A,26679.394,A,17768.968,A,14422.587,A,12498.876,A,11776.618,A,14750,E,14746,A,18558,A,15045,A,13928,A,17916,A,19814,A,21405,A,19751,A,19195,A,21489,A,20000,A,29556,A,33045,A,34016,A,35163,A
Côte d'Ivoire,Tonnes - live weight,99943.344,E,104272.899,E,74589.199,E,109994.893,E,109087.039,A,95248.739,A,104552.333,A,98559.918,A,74806.818,A,61346.018,A,52513.206,A,52468,A,48038,A,42893,A,43799,A,47300,A,54830,A,42665,A,54401,A,68903,E,69870,A,76005,A,80323,A
Croatia,Number,,,,,,,1,A,0,A,6,A,4,A,3,A,0,A,0,A,0,A,0,A,0,A,2,A,6,A,3,A,0,A,2,A,0,A,1,A,4,A,0,A,0,A
Croatia,Tonnes - live weight,63683.138,A,62449.339,A,71676.518,A,64620.402,A,70591.055,A,69975.351,A,73345.602,A,73985.562,A,80369.888,A,75832.335,A,64389.18,A,71396.06,A,52867.3,A,55788.5,A,49062.08,A,40225.633,A,37876.132,A,34693.09,A,30172.121,A,19957.036,A,21235.539,A,18551.125,A,21068.244,A
Cuba,Number,,,,,,,4,A,,,,,,,,,,,,,0,A,0,A,0,A,0,A,1,A,0,A,0,A,1,A,1,A,0,A,1,A,3,A,2,A
Cuba,Tonnes - live weight,14534.5,E,18052.8,E,20186.2,E,18546.1,E,22621,E,21548,E,23574,E,25634,E,25056,A,22103,A,22320,A,24106,A,23996,A,28892,A,28714,A,29485,A,27587,A,28234,A,32194,A,34088,A,32586,A,54708,A,68486,A
Curaçao,Tonnes - live weight,8826.804,A,25027.248,A,23051.82,A,29213.834,A,37910.538,A,32625.634,A,35534.159,A,30158.69,A,28495.269,A,26196.689,A,25071.897,A,22074,A,,,,,,,,,,,,,,,,,,,,,,
Cyprus,Tonnes - live weight,1300.979,A,1401.337,A,1327.323,A,1559.205,A,1490,A,1756,A,1494,A,1488,A,1268,A,1183,A,1323,A,1188,A,1395,A,1409,A,1996,A,2446,A,29940,A,61313,A,78724,A,47740,A,141079,A,54723,A,68345,A
Czechia,Tonnes - live weight,3381,A,3314,A,3729,A,3721,A,3650,A,3557,A,3507,A,3841,A,3812,A,3761,A,4033,A,3859,A,3990,A,4112,A,4164,A,4276,A,4646,A,4242,A,4528,A,5127,A,4983,A,4646,A,4654,A
Czechoslovakia,Tonnes - live weight,,,,,,,,,,,0,A,0,A,0,A,0,A,0,A,0,A,0,A,0,A,0,A,0,A,0,A,0,A,0,A,0,A,0,A,0,A,0,A,0,A
Democratic People's Republic of Korea,Tonnes - live weight,214320,E,208070,E,202000,E,205200,E,207700,E,208700,E,209000,E,220000,E,226000,E,209000,E,213500,E,219000,E,217500,E,207000,E,205000,E,205000,E,205000,E,205000,E,205000,E,205000,E,205000,E,206500,E,212850,E
Democratic Republic of the Congo,Tonnes - live weight,274385,E,261740,E,249275,E,262390,E,249895,E,238000,E,237372,A,230726,A,229612,A,227414,A,218000,A,221250,E,224491,E,228363,E,231447,E,234252,A,234562,E,234814,E,235752,E,234375,E,237690,E,231378,E,244619,E
Denmark,Number,,,,,,,0,A,0,A,0,A,0,A,0,A,0,A,0,A,0,A,0,A,0,A,0,A,0,A,0,A,0,A,0,A,0,A,0,A,0,A,3887,A,4149,A
Denmark,Tonnes - live weight,458193,A,466408.13,A,732900.394,A,638418,A,789182,A,904489,A,670223,A,868986,A,745343,A,668480,A,502790,A,716387,A,828089,A,777752,A,690584,A,653053,A,867721,A,910598,A,1090596,A,1031221,A,1442348,A,1510694,A,1534089,A
Djibouti,Tonnes - live weight,3120.5,A,3088.9,A,2322.5,A,2270.131,A,2102,A,2022,A,2220,A,2012,A,2298,A,1702,A,2167,A,1667,A,1590,A,1058,A,1206,A,1229,A,1299,A,1571,A,1200,E,1100,E,1000,E,900,E,800,E
Dominica,Tonnes - live weight,290,E,287.97,A,527,A,860.4,A,762,A,784,A,809,E,990,A,1029,A,527,A,625,A,662,A,700,E,772,A,699,A,677,A,694,A,579,A,700,E,950,E,1198,A,1200,E,1200,E
Dominican Republic,Tonnes - live weight,18010,E,17666.9,A,14064.13,A,16065.998,A,13920.445,A,15724.554,A,14640.693,A,11894.877,A,13783.527,A,13188.562,A,13662.824,A,14005,A,14490,A,14233,A,15382,A,13709,A,12956,A,11193,A,14223,A,18097,A,17261,A,13217,A,11015,A
Ecuador,Number,,,,,,,0,A,0,A,0,A,0,A,0,A,0,A,0,A,0,A,0,A,0,A,0,A,0,A,0,A,0,A,0,A,0,A,0,A,0,A,0,A,0,A
Ecuador,Tonnes - live weight,688326.211,A,863105.52,A,636338.65,A,608160.186,A,597754,A,623124,A,709181,A,632571,A,656448,A,509031,A,501881,A,508793,A,399874,A,498679,A,505571,A,408926,A,469060,A,464387,A,356774,A,399526,A,319169,A,587770,A,596489,A
Egypt,Tonnes - live weight,440197,A,425770,A,418684,A,397043.34,A,373286,A,370959.67,A,335614.335,A,344113,A,344792.08,A,356858.086,A,354237.7,A,375355,A,385210,A,387399,A,373816,A,372492,A,375895,A,349554,A,393495,A,431124,A,425163,A,428634,A,384315,A
El Salvador,Tonnes - live weight,60114.992,E,59019.884,A,59674.408,A,51648.695,A,57131.441,A,59600.343,A,58558.09,A,54513,A,63296,A,52147,A,52060,E,54403,A,39583,A,48424,A,53287,A,54664,A,43218,A,41114,A,42415,A,35484,A,35943,A,19609,A,9590,A
Equatorial Guinea,Tonnes - live weight,6610.139,E,6307.128,E,5958.271,E,6417.721,E,6407.614,E,6377,E,6455.293,E,6423.256,E,6067.919,E,6926.149,E,7834,E,7115,A,7376,A,7669,A,5400,A,4533,E,4000,E,3750,E,3500,E,3550,E,3550,E,3600,E,3634,A
Eritrea,Tonnes - live weight,1590.564,A,1489.163,A,3740,E,5440.39,A,5648.242,A,3929.621,A,3306.124,A,6230.82,A,3695.716,A,3616.683,A,3924.352,A,2939,A,3586,A,3330,A,1965,A,2232,A,8813,A,4027,A,7404,A,6689,A,7852,A,8880,A,12712,A
Estonia,Tonnes - live weight,73938.728,A,72235.521,A,74142.479,A,86755,A,87051,A,82820,A,75656,A,73195,A,68883,A,69454,A,66613,A,81580,A,95731,A,98504,A,102580,A,99444,A,86884,A,99581,A,88625,A,80208,A,102365,A,105492,A,113347,A
Eswatini,Tonnes - live weight,65,E,65,E,60,E,65,E,65,E,65,E,65,E,65,E,65,E,60,E,60,E,60,E,60,E,60,E,60,E,60,E,60,E,60,E,60,E,60,E,60,E,50,E,50,E
Ethiopia,Number,,,,,,,,,,,,,,,,,,,,,0,A,0,A,0,A,0,A,492,A,540,A,727,A,347,A,446,A,900,A,220,A,42,A,44,A
Ethiopia,Tonnes - live weight,101400,A,73140,A,60002,A,59000.892,A,63720.762,A,56001.1,A,50421.245,A,50489,A,50119,A,38371,A,28721,A,24041,A,18058,A,17047,A,16770,A,13254,A,9890,A,9450,A,10005,A,9213,A,12300,A,15390,A,15681,A
Falkland Islands (Malvinas),Number,,,,,,,0,A,0,A,0,A,0,A,0,A,0,A,0,A,0,A,0,A,0,A,0,A,0,A,0,A,0,A,0,A,0,A,0,A,0,A,0,A,0,A
Falkland Islands (Malvinas),Tonnes - live weight,113821,A,108944.999,A,64725.574,A,85398.67,A,91829.987,A,67027.401,A,59130.526,A,54296.942,A,71178.475,A,60487.7,A,85943.6,A,66978,A,99560,A,62747,A,81708,A,72147,A,75288,A,84546,A,55369,A,74898,A,53261,A,68332,A,75479,A
Faroe Islands,Number,631,A,2089,A,576,A,694,A,885,A,1699,A,304,A,503,A,56,A,1535,A,716,A,726,A,1142,A,99,A,8,A,0,A,0,A,613,A,1343,A,692,A,1424,A,1472,A,843,A
Faroe Islands,Tonnes - live weight,605910.1,A,540602.9,A,650872.1,A,653119.3,A,660056,A,701892,A,568435,A,585564,A,542836,A,487140,A,360471,A,354956,A,393875,A,351018,A,518267,A,620834,A,623122,A,565260,A,599386,A,620991,A,525991,A,515909,A,454399,A
Fiji,Tonnes - live weight,32626.198,E,33009.497,E,37597.123,E,41698.869,E,42729.413,E,47500,E,44826,E,41266,E,43312,E,42639,E,46851,E,46907,A,41943,E,46387,E,46595,E,47247,A,48733,A,47390,E,49632.66,A,37237.8,A,40320,E,45106,A,42366,E
Finland,Number,574,A,698,A,576,A,582,A,423,A,434,A,272,A,172,A,191,A,128,A,177,A,298,A,350,A,475,A,360,A,218,A,157,A,312,A,291,A,233,A,130,A,90,A,30,A
Finland,Tonnes - live weight,122684,A,133282,A,148569,A,163917.278,A,175200.386,A,190625,A,192881,A,182865,A,182956,A,167787,A,162321,A,153702,A,156097,A,154626,A,148666,A,164677,A,149446,A,131733,A,135422,A,121874,A,142302,A,149977,A,156428,A
France,Number,,,,,,,0,A,83,A,80,A,41,A,1,A,0,A,3,A,0,A,152,A,10,A,160,A,41,A,48,A,76,A,139,A,148,A,121,A,272,A,173,A,271,A
France,Tonnes - live weight,534875.614,A,510779.523,A,478461.629,A,524109.45,A,578656.351,A,554362.335,A,558484.854,A,541787.993,A,548075.038,A,540519.897,A,473308.788,A,502005.998,A,452243.5,A,440199.3,A,500162.8,A,553685.7,A,595153.9,A,598482.8,A,664898.2,A,709038.7,A,701925,A,671905.7,A,694452.6,A
French Guiana,Number,,,,,,,0,A,0,A,0,A,0,A,0,A,0,A,0,A,0,A,0,A,0,A,0,A,0,A,0,A,0,A,0,A,1,A,3,A,1,A,0,A,0,A
French Guiana,Tonnes - live weight,2300,A,2495.145,A,1722.545,A,2775.324,A,2765.814,A,3029.961,A,3626.399,A,3683.007,A,2743.244,A,2485.063,A,2280.85,A,4422.74,A,4339.026,A,3609.206,A,3522.94,A,4857,A,4442,A,5285,A,5514,E,5565,E,4782,E,4599,E,4837,E
French Polynesia,Tonnes - live weight,11582.983,A,13243.01,A,12180.01,A,13261.04,A,13043.05,A,12396.01,A,12813.623,A,14105.225,A,15277.83,A,14503.888,A,14343.168,A,12801.606,A,13043.733,A,13373.98,A,12284,A,13177,A,12778,A,11589,A,12306,E,13604,E,15287.891,A,15189,A,13894.32,A
French Southern Territories,Tonnes - live weight,420,E,420,E,410,E,420,E,420,E,420,E,420,E,400,E,430,E,450,E,480,E,480,E,480,E,480,E,480,E,472,A,472,A,263,A,263,A,463,A,414,A,263,A,272,A
Gabon,Tonnes - live weight,31010,E,29840,E,28880,E,29000,E,29000,E,29000,E,31000,E,33000,E,36855,A,36600,E,36500,E,36522,E,32692,E,29589,E,31326,E,37814,E,41521,A,43863,A,46072,A,45479,A,41570,A,42871,A,47826,A
Gambia,Tonnes - live weight,53946.5,A,53171.988,A,50989.752,A,56198.663,A,49526,A,60461,A,58261,A,55968,A,51500,A,43726,A,36062,A,41500,E,46624,A,45884,A,42881,A,43574,A,37477,A,34955,A,32817,A,37366,A,37405,A,34527,A,29016,A
Georgia,Tonnes - live weight,197788.377,E,197575.054,E,207150,E,251755.456,A,203523.507,E,137423.372,A,44708.688,A,22520,E,19020,E,15520,E,12070,A,26547,A,46049,A,50026,A,48443,A,44068,A,14746,A,9974,A,11988,A,3306,A,1811,A,1636,A,1791,A
Germany,Number,11,A,16,A,16,A,14,A,0,A,0,A,15,A,0,A,0,A,9,A,0,A,5,A,4,A,8,A,8,A,27,A,9,A,4,A,5,A,10,A,8,A,8,A,5,A
Germany,Tonnes - live weight,179721,A,187652.267,A,212094.561,A,224394.8,A,279213,A,248237,A,271185,A,261744,A,242743,A,235107,A,214408,A,233883,A,243146,A,244047,A,274281,A,290511,A,293037,A,281368,A,258343,A,257647,A,221772,A,209142,A,204084,A
Ghana,Tonnes - live weight,519627.27,A,392761.55,A,370686.15,A,317305.72,A,358743.369,A,367767.76,A,323916.57,A,344060.9,A,323425.173,A,289884.75,A,356346.586,A,349760.31,A,351458.651,A,304584,A,342518.142,A,331175,A,378643,A,381637.88,A,420443.403,A,393547,A,375182,A,450353,A,454346,A
Gibraltar,Tonnes - live weight,1,E,1,E,1,E,1,E,1,E,1,E,1,E,1,E,1,E,1,E,1,E,1,E,1,E,1,E,1,E,1,E,1,E,1,E,1,E,1,E,1,E,1,E,1,E
Greece,Tonnes - live weight,65494.798,A,59631.872,A,71476.001,A,83173.701,A,77716.2,A,78315.3,A,75534.5,A,65371.82,A,61260.7,A,64169.778,A,61044.2,A,63246.5,A,70179.8,A,83181.8,A,85885.3,A,96095.8,A,98239.7,A,92430.5,A,93891.4,A,93781.4,A,96078.9,A,94196.4,A,99343.7,A
Greenland,Number,64633,A,99463,A,97994,A,104352,A,105500,A,96009,A,111604,A,126877,A,135954,A,138086,A,122843,A,144132,A,159736,A,145756,A,159890,A,164500,A,192886,A,196299,A,162140,A,161141,A,160972,A,178043,A,192077,A
Greenland,Tonnes - live weight,307055,A,271027,A,259209,A,265179,A,301052,A,310741,A,273175,A,268371,A,292441,A,275432,A,222894,A,214493,A,209446,A,214667,A,241899,A,233754,A,252959,A,234864,A,212988,A,175321,A,195624,A,158485,A,159711,A
Grenada,Tonnes - live weight,1855.619,E,1211.56,E,1893.891,E,2048.888,E,2540.427,A,2444.164,A,2740.27,A,2472.512,E,2665,A,2856.665,A,2379.633,A,2411.465,A,2182,A,2648,A,2386,A,2207,A,2163,A,2048,A,2039,A,2544,A,2171,A,2250,A,1701,A
Guadeloupe,Tonnes - live weight,1635,A,2276.005,A,2709.27,A,2855.306,A,2800.424,A,3250.432,A,3316.53,A,3362.644,A,3113.062,A,3530.352,A,3433.073,A,4307.921,A,3663.537,A,3975.498,A,3850.106,A,6000,E,6400,E,6800,E,7200,E,7600,E,8000,E,8400,E,8800,E
Guam,Tonnes - live weight,351.5,A,25.68,A,47.13,A,90.187,A,94.844,A,152.457,A,69.771,A,71.603,A,87.423,A,108.679,A,101.485,A,120.505,A,167.786,A,462,A,329,A,326,A,418,A,280,A,532,A,456,A,435,A,673,A,624,A
Guatemala,Tonnes - live weight,16256.649,A,11082.064,A,11489.612,A,15714.257,A,14075.113,A,15375.711,A,15981.699,A,15153.769,A,18075.603,A,17686.4,A,15291.252,A,19844.498,E,22332,A,20149,A,23291,A,17965,A,17569,A,18979,A,10012,E,23696,A,23427,A,29704,A,39203,A
Guinea,Number,,,,,,,,,,,,,,,,,,,,,0,A,0,A,0,A,0,A,0,A,0,A,0,A,0,A,0,A,0,A,0,A,0,A,,
Guinea,Tonnes - live weight,334870,E,325120,E,309570,E,359837,A,293007,A,321169,A,159402,A,184652,A,207348,A,230049,A,198282,A,184962,A,113504,A,127746,A,94513,A,82073,A,104718,A,109138,A,97730,A,121925,A,93754,A,105404,A,91513,A
Guinea-Bissau,Tonnes - live weight,63835,E,63221,E,62392.458,A,60150,E,52253.645,A,38350,E,28450,E,21150,E,15750,E,11750,E,8750,E,6549,E,6584,E,6721,E,6804,E,6500,E,7067,E,6983,E,6650,E,6153,E,7324,E,6848,E,6315,E
Guyana,Number,,,,,1337,A,1485,A,11320,A,16983,A,1590,A,21363,A,34972,A,29978,A,19707,A,28789,A,20682,A,28731,A,24500,A,17661,A,4525,A,3079,A,3948,A,3806,A,9208,A,6816,A,10559,A
Guyana,Tonnes - live weight,36253.455,A,34216.25,A,39986.9,A,39087,A,41388,A,42977,A,42142,A,36558,A,37746,A,49268,A,53844,A,43185,A,45188,A,43605,A,42168,A,47448,A,53763,E,53370,A,56719,A,59695,A,48017,A,53405,A,48887,A
Haiti,Tonnes - live weight,16710,E,16220,E,16350,E,16350,E,16350,E,16510,E,16510,E,16510,E,16510,E,16510,E,16510,E,16530,E,13710,E,16010,A,14810,E,13510,E,12260,E,11010,E,9660,E,8310,A,8110,E,7810,E,7410,E
Honduras,Number,,,,,,,,,,,,,,,,,,,,,350,A,200,A,3,A,1090,A,1944,A,54,A,111,A,76,A,197,A,0,A,0,A,0,A,0,A
Honduras,Tonnes - live weight,20193,E,21680,A,15846,A,11947,A,12123,A,11652,A,13074,A,12841,A,9574,A,12809,A,11202,A,10214,A,12075,A,12408,A,14160,A,16636,A,22546,A,21139,A,17569,A,17343,A,15789,A,22292,A,17915,A
Hungary,Tonnes - live weight,4597.022,A,4600.536,A,5483.12,A,4836,A,5249,A,5636,A,5091,A,5926,A,7463,A,6472,A,6717,A,7048,A,6216,A,6366,A,7394,A,7024,A,7543,A,7609,A,7242,A,6536,A,6750,A,6638,A,7101,A
Iceland,Number,148,A,1,A,3,A,0,A,152,A,17,A,46,A,184,A,161,A,333,A,196,A,245,A,337,A,206,A,126,A,45,A,69,A,261,A,391,A,39,A,138,A,0,A,1,A
Iceland,Tonnes - live weight,1434724.472,A,1171229.402,A,1039086.2,A,1066888,A,1279500,A,1203786,A,1092966,A,1347485,A,1095508,A,1380229,A,1466751,A,1164914,A,1081655,A,1164432,A,1306593,A,1421057,A,1348043,A,1685753,A,1755172,A,2008658,A,2149508,A,2003941,A,2000046,A
India,Tonnes - live weight,5539024.996,E,5024905.001,E,4658197.001,E,5477099.999,E,5336182.999,E,5550953.001,E,5196946.024,E,4862038.515,E,4999493.433,E,4665438.457,A,4895142.409,A,4336131.999,A,4715816,A,4094755.999,A,4128727,A,3890293,A,3877337,A,3725361.999,A,3426509.001,A,3757899,A,3783853,A,3817092,A,3726427,A
Indonesia,Number,2705,A,3501,A,2721,A,6739,A,7722,A,6578,A,10688,A,21216,A,20308,A,14146,A,17860,A,16780,A,11752,A,12251,A,16306,A,17910,A,20400,A,18302,A,14467,A,11558,A,15228,A,13402,A,10387,A
Indonesia,Tonnes - live weight,7398555.409,A,7224500.587,A,6989080.158,A,7335060.469,A,7361120.915,A,7037821.062,A,6581114.855,A,6735639.15,A,6528638.31,A,6142410.121,A,5864409.363,A,5759674,A,5390461,A,5115756,A,5002765,A,5042176,A,4798414,A,4703117,A,4739638,A,4698733,A,4404801,A,4335940,A,4158534.6,A
Iran (Islamic Republic of),Tonnes - live weight,811552.11,E,779465.744,A,790900.043,A,824550.001,A,828393.655,A,782479.998,A,689721.999,A,631122.001,A,620426.999,A,553776.001,A,537270.998,A,487633,A,443650,A,420372,A,407842,A,402767,A,445879,A,410567,A,369990,A,350123,A,324838,A,351142,A,383991,A
Iraq,Tonnes - live weight,44550,E,43679.679,E,34770.171,A,40069,A,36936,A,35220,A,31300,A,27296,A,59000,A,56853,A,51077,A,31541,A,19348,A,28245,A,34580,A,53032,A,59075,A,26008,E,12936,A,17200,A,26000,A,33300,A,20767,A
Ireland,Number,,,0,A,0,A,0,A,0,A,0,A,0,A,0,A,0,A,0,A,1,A,12,A,0,A,0,A,0,A,2,A,11,A,0,A,8,A,8,A,22,A,2,A,5,A
Ireland,Tonnes - live weight,203538.766,A,234158.918,A,208502.065,A,238443.651,A,251240.955,A,276329.842,A,259855.358,A,264370.535,A,306423.736,A,275949.827,A,305426.855,A,243454.943,A,348441,A,298584,A,234819,A,244368,A,241277,A,297181,A,310570,A,301218,A,318720,A,392528,A,312392,A
Isle of Man,Tonnes - live weight,3041,E,3041.323,A,2742.95,A,2939,A,4431,A,6759,A,7040,A,7781,A,3755,A,5745,A,6172,A,6844,A,4814,A,3555,A,2770,A,3812,A,2579,A,2764,A,2627,A,2984,A,3127,A,3112,A,3552,A
Israel,Number,,,,,,,,,,,,,,,27,A,,,,,18,A,0,A,0,A,2,A,0,A,0,A,0,A,0,A,0,A,0,A,699,A,2295,A,1894,A
Israel,Tonnes - live weight,2055,E,2035,E,2016,E,2046,E,2048,E,2054,E,1588,A,2097,E,2042,E,1983,A,3224,A,2575,A,2612,A,2712,A,2708,E,3435,A,3820,A,4151,A,3340,A,4055,A,5043,A,5024,A,5818,A
Italy,Number,,,4,A,6,A,7,A,0,A,0,A,0,A,0,A,0,A,0,A,14,A,12,A,3,A,0,A,9,A,7,A,1,A,22,A,6,A,10,A,11,A,0,A,24,A
Italy,Tonnes - live weight,143645.524,A,151728.991,A,141177.031,A,186078.528,A,206936.705,A,197389.399,A,197090.873,A,198768.7,A,183451.417,A,177915.511,A,202430.399,A,217829.701,A,234960.5,A,254520,A,237619.5,A,289479.45,A,317852.7,A,298584.1,A,288939.8,A,297700.8,A,271902.1,A,312408.7,A,304156.85,A
Jamaica,Tonnes - live weight,12529.49,A,13231,A,12874.92,A,13475,A,15346,A,19267,A,17307,A,17025,A,15204,A,18349,A,15383,A,17998,A,15390,A,16154,A,13055,A,16398,A,17703,A,13096,A,13471,A,12482,A,14892,A,14319,A,5540,A
Japan,Number,1640,A,1553,A,2371,A,2711,A,2617,A,3151,A,2954,A,3032,A,3572,A,3301,A,2652,A,3890,A,7543,A,12357,A,10161,A,14173,A,15374,A,17083,A,16736,A,17955,A,19268,A,19072,A,19396,A
Japan,Tonnes - live weight,2967756.199,A,3254272.669,A,3267503.217,A,3260033.478,A,3380907.348,A,3276568.482,A,3296035.281,A,3500278.53,A,3735077.953,A,3737616.397,A,3756439.801,A,3873951.421,A,4188376.309,A,4230700.65,A,4441302.615,A,4430071.55,A,4451205.34,A,4440914.196,A,4451151.71,A,4800065.744,A,4501728.24,A,4835571.5,A,5191575.05,A
Jordan,Tonnes - live weight,675,E,665,E,583.945,A,678.738,A,664.86,A,634.45,A,601.128,A,604.323,A,646.169,A,542.252,E,606.518,E,500,E,486,A,569,A,500,A,506,A,497,A,510,A,494,A,481,A,526,A,520,A,550,A
Kazakhstan,Number,,,0,A,0,A,0,A,0,A,0,A,0,A,0,A,0,A,0,A,0,A,0,A,0,A,0,A,0,A,0,A,0,A,0,A,0,A,0,A,0,A,0,A,0,A
Kazakhstan,Tonnes - live weight,42691.9,A,41457.329,A,42597.376,A,45644.602,A,37283.141,A,41319.995,A,41334.543,A,40461,A,37137,A,34692,A,36939,A,34896,A,46827,A,38170,A,51267,A,34201,A,30045,A,37621,A,33306,A,25195,A,24668,A,22960,A,36620,E
Kenya,Number,,,3922,A,6250,A,6152,A,7946,A,8130,A,5959,A,6504,A,6229,A,6332,A,6403,A,4180,A,5259,A,6906,A,4504,A,6354,A,8710,A,10950,A,3862,A,3811,A,3967,A,4250,A,3460,A
Kenya,Tonnes - live weight,145801.458,A,141296.884,A,130165.338,A,130730.83,A,136213.523,A,154889.156,A,135106.199,A,165152,A,169169.1,A,163133,A,158743,A,181450,A,140607,A,134157,A,136109,A,132282,A,159266,A,147920,A,127297.074,A,120532,A,145164.334,A,164760.324,A,215798.911,A
Kiribati,Tonnes - live weight,203294.048,A,191128.548,A,212750.294,A,238698.33,A,197900.529,A,162549,A,174273,A,145976,A,116963,A,81409.018,A,77531.662,A,62907.026,A,43116,A,39426,A,27299,A,34170,A,25661,E,30562,E,31061,E,33712,A,36694,A,33280,A,35446,A
Kuwait,Tonnes - live weight,1886,A,3525,E,3095,E,3016,A,2871,A,3978,A,5187,A,3859,A,3840,A,4307,A,3686,A,4038,A,6373,A,4708,A,3979,A,4373,A,5635,A,4895,A,5061,A,4060,A,5360,A,5846,A,6978,A
Kyrgyzstan,Tonnes - live weight,31,A,22,E,20,E,20,E,19,A,90,E,89,A,31,A,227,A,120,E,90,E,60,E,27,A,10,E,8,A,14,E,37,E,26,E,7,E,63,E,151,E,180,E,52,E
Lao People's Democratic Republic,Tonnes - live weight,72420,E,71000,E,70001,E,64701,E,60508,E,59069,E,57400,E,62635,E,60237,E,38946,E,34106,E,34000,E,30900,A,30800,E,29200,E,28410,E,26925,E,26560,E,29800,E,29800,E,33440,E,31000,E,29250,E
Latvia,Tonnes - live weight,61508,A,61658.11,A,64989,A,71385,A,73144,A,69411.6,A,114278,A,81340,A,119536,A,116029,A,94404,A,154310,A,164819,A,163213,A,157934,A,155276,A,140389,A,150618,A,125391,A,114543,A,117553,A,128176,A,136403,A
Lebanon,Tonnes - live weight,2620,E,2580,E,2455,E,2619.8,A,2796,A,3617,A,4291,A,3638,A,2998,A,3100,E,3200,E,3300,E,3400,E,3500,E,3600,E,3700,E,3811,A,3798,A,3866,A,3898,A,3970,A,3670,A,3666,A
Lesotho,Tonnes - live weight,79,A,75,E,67,E,57,E,52,E,52,E,52,E,52,E,52,A,50,A,50,A,45,A,45,A,45,A,50,A,48,A,45,A,45,A,45,A,42,A,40,A,24,A,32,A
Liberia,Tonnes - live weight,29338,A,25169.139,A,31661.669,A,16134.015,A,14122.299,A,11974.09,A,13718.106,E,14009.216,E,14432.186,E,15090.979,E,14028.693,E,13421.046,E,11700,E,10700,E,7890,A,14488,A,8894,A,12147,A,13725,A,10464,E,11042,E,10496,A,11518,A
Libya,Tonnes - live weight,32585,E,31951.333,E,31803.545,E,32335,E,32144.06,E,31873.99,E,29919.389,E,25730,E,24633,E,35504,E,34654,E,30004,E,50006,E,52117.3,A,47650,A,31926,A,34652,E,37395,E,39902,E,41834,E,44013,E,47296,E,49969,E
Liechtenstein,Tonnes - live weight,0,N,0,N,0,N,0,N,0,N,0,N,0,N,0,N,0,N,0,N,0,N,0,N,0,N,0,N,0,N,0,N,0,N,0,N,0,N,0,N,0,N,0,N,0,N
Lithuania,Tonnes - live weight,106922.147,A,96152.482,A,90991.355,A,102219.9,A,75019.24,A,89770,A,106945,A,85144,A,150067,A,90871,A,66970,A,138557,A,149851,A,172692,A,182760,A,187513,A,154548,A,139785,A,161988,A,157205,A,150146,A,150831,A,78988,A
Luxembourg,Tonnes - live weight,0,N,0,N,0,N,0,N,0,N,0,N,0,N,0,N,0,N,0,N,0,N,0,N,0,N,0,N,0,N,0,N,0,N,0,N,0,N,0,N,0,N,0,N,0,N
Madagascar,Number,0,A,0,A,0,A,0,A,,,,,500,A,154,A,3,A,0,A,0,A,0,A,0,A,2450,A,2640,A,5550,A,6660,A,4850,A,4760,A,7300,A,6936,A,9408,A,6606,A
Madagascar,Tonnes - live weight,127190.115,A,114337.265,A,112552.845,A,114182.275,A,129588.673,A,161606.389,A,142333.176,A,114751.412,A,95821.281,E,104597.033,A,118075.271,E,127070,E,129638,A,132103,A,121264,A,148578,A,134693,A,133648,A,135916,A,130670,A,130125,A,124415,A,120967,A
Malawi,Number,,,5443,A,,,8267,A,1757,A,5449,A,12097,A,6246,A,2784,A,5373,A,6063,A,3600,A,3250,A,3105,A,3370,A,1287,A,698,A,637,A,20,A,301,A,60,A,1256,A,200,A
Malawi,Tonnes - live weight,186865.36,A,170560,A,171115.22,A,154922,A,221849,A,199455,A,152852,A,141643,A,116129,A,112248,A,125392,A,82415,A,98298,A,69325,A,70019,A,66500,A,72787,A,59595,A,56463,A,53543,A,41329,A,40619,A,50000,E
Malaysia,Number,3247,A,2577,A,1250,A,4421,A,5370,A,4413,A,5215,A,3555,A,2483,A,1173,A,1807,A,436,A,861,A,587,A,1043,A,540,A,1790,A,1058,A,1450,A,307,A,122,A,375,A,559,A
Malaysia,Tonnes - live weight,1318358.549,A,1338230.636,A,1391044.797,A,1465095.105,A,1463031.382,A,1474370.014,A,1584371.001,A,1496053.999,A,1468725.999,A,1492620,A,1481361.215,A,1382880.85,A,1437456,A,1401503,A,1402330,A,1389534,A,1290377,A,1218264,A,1339771,A,1291121,A,1279653,A,1238860,A,1293397,A
Maldives,Tonnes - live weight,155205.443,A,144993.211,A,148565.277,A,135062.856,A,150992.587,A,142349.266,A,129420.998,A,127310,A,128650.937,A,130247.285,A,120000,A,120835,A,122804,A,117061,A,133839,A,144511,A,185811,A,186274,A,158528,A,156132,A,163770,A,127636,A,119373,A
Mali,Number,,,,,,,,,,,,,,,,,,,,,0,A,15,A,0,A,0,A,0,A,0,A,0,A,0,A,0,A,,,,,,,,
Mali,Tonnes - live weight,110365.91,A,105400,E,117690,A,109361.999,A,90386,E,106221,A,102486,E,92480,A,80000,A,99353,E,71229,E,108134,E,100000,E,100000,E,100000,A,100000,E,100000,E,100000,E,100000,E,100000,E,100000,E,100000,E,109870,A
Malta,Tonnes - live weight,2809.271,A,2502.896,A,2103.246,A,2491.889,A,2731.857,A,2163.63,A,3562.277,A,2563.392,A,2405.314,A,2355.776,A,2200.13,A,1920,A,1836,A,1641,A,1391,A,1235,A,1332,A,1406,A,1138,A,1138,A,1085,A,902,A,1074,A
Marshall Islands,Tonnes - live weight,91636.299,A,95819.063,A,88189.912,A,101556.164,A,78352.102,A,70297,A,65214,A,89718,A,78727,A,80634,A,77090,A,93318.45,A,59800.532,A,46382.398,A,35026,A,61212,A,43957,A,57566,A,47884,A,38882,A,39857,A,36579,A,8261,A
Martinique,Tonnes - live weight,1544,A,1156.891,A,1558.179,A,1059.154,A,991.195,A,784.827,A,963.225,A,879.103,A,1131.185,A,780.571,A,764.888,A,1344.719,A,837.868,A,992.497,A,1441.851,A,3630,E,6300,E,5500,E,6200,E,6200,A,6200,A,6200,A,6310,A
Mauritania,Tonnes - live weight,780382.798,E,762868.26,A,678425,E,720849.51,E,967706.752,A,794580,A,609754,A,403776,A,378339,A,387833,A,437709,A,372011,A,276238,A,216900,E,195328,E,223207,E,165312,E,304877,E,270733,E,199650,E,156131,E,140142,E,114456,E
Mauritius,Number,0,A,0,A,0,A,160,A,0,A,0,A,0,A,0,A,100,A,0,A,150,A,0,A,,,100,A,,,180,A,,,150,A,400,A,118,A,0,A,0,A,0,A
Mauritius,Tonnes - live weight,33284.19,A,30029.298,A,25989.686,A,34076.283,A,29341.479,A,24986.844,A,18215.365,A,15799.199,A,14658.03,A,7915.916,A,6352,A,7306,A,7366,A,7856,A,6871,A,8325,A,8681,A,9855,A,9971,A,10968,A,10706,A,10986,A,9615,A
Mayotte,Tonnes - live weight,1131.143,A,1183.878,A,1016.555,A,941.061,A,948.027,A,897.922,A,710.268,A,501.772,A,1962.001,A,27929,A,31033.999,A,28602,A,20330,A,14539,A,12088,A,11082,A,4961,A,2196,A,2306,A,3464,A,4756,A,9612,A,3048,A
Mexico,Number,0,A,1323,A,1863,A,2026,A,4342,A,3002,A,1640,A,1296,A,2031,A,1300,A,1314,A,184,A,3,A,485,A,734,A,12,A,159,A,855,A,609,A,1037,A,1591,A,3661,A,1264,A
Mexico,Tonnes - live weight,1683375.783,A,1672264.983,A,1591535.81,A,1570812.852,A,1699290.203,A,1637380.509,A,1524467.283,A,1479562.952,A,1529367.569,A,1626418.147,A,1581200.203,A,1571660.628,A,1528282,A,1619392.826,A,1586975.659,A,1475194.479,A,1368538.309,A,1325083.514,A,1289156.426,A,1386469.052,A,1481136.88,A,1445866.5,A,1349763.405,A
Micronesia (Federated States of),Tonnes - live weight,178235.339,A,166100.085,A,193668.433,A,181569.126,A,137890.77,A,101262,A,88688,A,71567,A,52496,A,40513.5,A,48420.619,A,38142.071,A,31526,A,28606,A,25445,A,20873,A,15442,A,32361,A,31972,A,33753,A,22926,A,19471,A,23460,A
Monaco,Tonnes - live weight,1,E,1,E,1,E,1,E,1,E,1,E,1,E,1,E,1,E,1,E,1,E,1,E,1,E,1,E,1,E,1,E,1,E,2,E,3,E,3,E,3,E,3,E,3,E
Mongolia,Tonnes - live weight,0,A,0,A,25,A,30,A,25,A,22,A,15,A,63,A,49,A,55,E,61,A,80,A,100,A,90,A,88,A,185,A,326,A,366,A,305,A,382,A,263,A,290,A,425,A
Montenegro,Tonnes - live weight,855,E,808,A,816.453,A,1276,A,1292.8,A,1079.7,A,1595,A,1486.8,A,1556.4,A,1580.5,A,1390.6,A,1517.6,A,1345.4,A,1661.2,A,1680,A,1131,A,1524.8,A,,,,,,,,,,,,
Montserrat,Tonnes - live weight,30,E,30,E,25,E,30,E,30,E,26,A,31,A,34,A,41,A,44,A,41,A,33,A,24,A,37,A,31,A,35,A,49,A,50,A,31,A,34,A,32,A,32,A,33,A
Morocco,Tonnes - live weight,1590644.216,A,1432199.131,A,1397532.714,A,1475913.647,A,1386548.003,A,1402130.8,A,1472314.416,A,1384017.611,A,1375097.053,A,1275508.7,A,1177472.384,A,974039.986,A,1143652.113,A,1175436.5,A,1006167.7,A,891845.5,A,891750.6,A,1039210,A,931280.7,A,929778.6,A,969539.6,A,1106101.9,A,914824.2,A
Mozambique,Number,,,,,1950,A,59966,A,38868,A,83868,A,28854,A,11161,A,10781,A,21977,A,7234,A,17058,A,3449,A,,,566,A,179,A,2021,A,1323,A,,,5130,A,7322,A,477,A,718,A
Mozambique,Tonnes - live weight,456374.535,A,409247.036,E,387762.02,A,401122.357,A,349393.145,E,329521.785,A,299734.883,A,286134.352,A,253023.534,A,222101,A,210695.711,A,195280.294,A,162555,A,150780,A,121655,A,92623,A,93882,A,83996,A,90588,A,87904,A,38185,A,36556,A,41530,A
Myanmar,Tonnes - live weight,1864730,E,1665740,E,1977330,E,1951120,E,2036869,E,2155440,E,2072390,E,1970470,E,1970550,E,1919001,E,1962231,E,1975920,E,1961150,E,1892600,E,1907010,E,1907750,E,1823450,E,1732250,A,1586600,A,1343860,A,1284340,A,1187880,A,1093200,A
Namibia,Number,6200,E,6000,E,4465,A,13798,A,20669,A,10695,A,21245,A,37057,A,29059,A,56862,A,58684,A,46115,A,47776,A,48003,A,47115,A,34728,A,83350,A,64567,A,31971,A,34000,A,37670,A,44223,A,41858,A
Namibia,Tonnes - live weight,415668.909,E,410849.454,E,329670.117,A,467040.161,A,490194.202,A,501421.973,A,515657.1,A,509858,A,443881.6,A,485502.6,A,469395.926,A,413927.992,A,381929,A,378847,A,372822,A,413333,A,509585,A,553995,A,571199,A,638207,A,626068,A,548777,A,590674,A
Nauru,Tonnes - live weight,106750,A,120409,A,92388,A,33525,A,9155,A,270,E,270,E,270,E,270,A,263,A,228,A,255,E,589,A,530,E,475,E,420,E,370,E,330,E,300,E,342,E,342,E,360,E,380,E
Nepal,Tonnes - live weight,21000,A,21000,A,21000,A,21000,A,21000,A,21000,A,21500,A,21500,A,21500,A,21500,A,21500,A,21500,A,21500,A,21500,A,21500,A,20100,A,20016,A,19983,A,19947,A,18888,A,17900,A,16700,A,16700,A
Netherlands Antilles,Tonnes - live weight,,,,,,,,,,,,,,,,,,,,,,,0,A,19575,A,20636,A,17009,A,4314,A,6640,A,855,E,17346,A,20209,A,12961,A,22865,A,19941,A
Netherlands (Kingdom of the),Number,7,A,14,A,6,A,10,A,11,A,11,A,0,A,1,A,2,A,0,A,1,A,0,A,38,A,0,A,0,A,173,A,252,A,150,A,100,A,0,A,0,A,0,A,2,A
Netherlands (Kingdom of the),Tonnes - live weight,298622,A,299541,A,307176.118,A,320361.796,A,411714,A,500183,A,370249,A,384475,A,371367,A,327436.998,A,347264,A,370089.069,A,434419,A,386942,A,440291,A,487592,A,513079,A,555606,A,521636,A,526281,A,464036,A,518163,A,495774,A
New Caledonia,Tonnes - live weight,4207.918,A,3304.953,A,3326.596,A,3737.236,A,3128.771,A,3694,A,3885,A,4654,A,4245,A,3907,A,3882.549,A,3993.482,A,4027,A,3862,A,3919,A,3704.7,A,3333,A,3467,A,3853,A,3552.5,A,3457.9,A,3499,A,3482.4,A
New Zealand,Number,300,A,286,A,241,A,240,A,278,A,221,A,267,A,462,A,409,A,341,A,296,A,283,A,165,A,271,A,111,A,255,A,11,A,12,A,31,A,33,A,13,A,19,A,14,A
New Zealand,Tonnes - live weight,346317.586,A,343507.031,A,364964,A,412627.898,A,408010.808,A,431143.151,A,424940.931,A,433812.323,A,442371.719,A,444067.296,A,441930.231,A,430338.006,A,436593.362,A,439762.402,A,452534.324,A,494692.006,A,476798.006,A,545460.008,A,546072,A,550929,A,588649,A,569836,A,553459,A
Nicaragua,Number,,,,,,,,,,,,,,,,,,,,,,,,,,,,,134,A,,,,,,,,,,,,,,,6440,A
Nicaragua,Tonnes - live weight,53732.32,A,55274.53,A,43466.54,A,51310,E,54554,A,50982,A,45023,A,41534,A,54364,A,40979,A,33784,A,33527,A,40978,A,37853,A,31312,A,27316,A,32198,A,28239,A,19668,A,15654,A,19558,A,20033,A,22519,A
Niger,Tonnes - live weight,47670,E,47200,A,46000.001,A,40058,A,31042,A,25195,A,34592,A,27000,A,47000,A,45000,A,46500,A,53173,A,40000,E,29884,A,29960,A,29728,A,29835,A,50018,A,51466,A,55860,A,23560,A,20800,A,16250,A
Nigeria,Tonnes - live weight,784124,A,805210,A,783101.704,A,825013.256,A,878155,A,916283.97,A,734731,A,710331,A,759828,A,721355,A,668754,A,635486,A,616981,A,598210,A,601368,A,530420,A,552323,A,523182,A,465251,A,475162,A,481056,A,452146,A,441377,A
Niue,Tonnes - live weight,40,E,40,E,34,E,38,E,38,E,38,E,38,E,38,E,38,E,38,A,7,A,6,A,113,A,203,A,478,A,407,A,400,A,212,E,200,E,200,E,200,E,200,E,200,E
Norfolk Island,Tonnes - live weight,0,N,0,N,0,N,0,N,0,N,0,A,0,A,0,A,0,A,0,A,0,A,0,A,0,N,0,N,0,N,0,N,0,N,0,N,0,N,0,N,0,N,0,N,0,N
Northern Mariana Islands,Tonnes - live weight,162.475,A,198.402,A,102.381,A,97.324,A,114.302,A,118.592,A,98.815,A,103.162,A,146.131,A,158.134,A,106.548,A,98.474,A,129.659,A,192,A,168,A,219,A,221,A,214,A,169,A,172,A,296,A,406,A,336,A
North Macedonia,Tonnes - live weight,447,A,514,A,472.875,A,399.5,A,140,A,87,A,122,A,350,A,282,A,334,A,249,A,268,A,236,A,222,A,166,A,177,A,147,A,271,A,213,A,162,A,148,A,128,A,208,A
Norway,Number,2486,A,6052,A,11276,A,7461,A,5937,A,2937,A,2557,A,3363,A,13432,A,17355,A,6600,A,10918,A,5439,A,8921,A,1798,A,14640,A,17731,A,22236,A,15290,A,13517,A,11330,A,12564,A,21123,A
Norway,Tonnes - live weight,2613634.395,A,2579734.268,A,2625367.743,A,2478585.819,A,2665068.309,A,2558757.465,A,2201293.555,A,2452205.108,A,2450364.117,A,2241396.576,A,2282646.449,A,2442576.505,A,2838470.049,A,2693500.42,A,2583895.284,A,2514659,A,2401781,A,2546500,A,2672699,A,2702012,A,2923116,A,2862152,A,2891791,A
Oman,Number,,,0,A,0,A,0,A,0,A,0,A,0,A,0,A,0,A,0,A,0,A,0,A,0,A,0,A,0,A,0,A,0,A,0,A,0,A,1,A,5,A,22,A,13,A
Oman,Tonnes - live weight,748355.508,A,922083.336,A,793418.923,A,579186,A,554558,A,347539,A,279588,A,257022,A,211037,A,206169,A,191563,A,158566,A,163927,A,158551,A,151910,A,151744,A,147668,A,157326,A,165016,A,138481,A,142669,A,129907,A,120421,A
Other NEI,Number,,,,,,,0,A,0,A,0,A,0,A,0,A,0,A,0,A,0,A,0,A,0,A,0,A,0,A,0,A,0,A,0,A,1469,A,1502,A,1515,A,2131,A,1636,A
Other NEI,Tonnes - live weight,40498.193,A,36531.319,A,51302.924,A,50575.252,A,76181.671,A,60186.765,A,27891.511,A,57377.377,A,12000.009,A,27523.312,A,16526.041,A,24326,A,18916,A,34197,A,29220,A,17512,A,22726,A,45317,A,145042,A,173790,A,183868,A,164029,A,204603,A
Pakistan,Tonnes - live weight,500045.257,A,496058.999,A,492783.001,A,488503,A,504810,A,536925.999,A,516356,A,509479,A,480123.001,A,484646.001,A,479973.998,A,457738.999,A,455514,A,459058,A,470665,A,453295,A,506473,A,449993,A,494829,A,499366,A,534670,A,540804,A,598743,A
Palau,Tonnes - live weight,813.06,E,824,E,776,E,3932.958,A,3883.716,A,3443,A,818,E,848,E,864,E,887,E,905,E,1000.2,E,967,E,1034,E,1168.2,E,1141.82,E,967,E,1430.9,E,1079,E,1047,E,1027,A,1084,A,1271,A
Palestine,Tonnes - live weight,4195,E,4660.7,A,4661.9,A,3943,A,3201,A,3208,A,3306,A,3227,A,2854,A,1930,A,2091,A,1318,A,1699,A,1525,A,2843,A,2702,A,2323,A,1814,A,2951,A,1507,A,2379,A,1950,E,2623,E
Panama,Number,1604,A,1600,A,1000,A,5156,A,5847,A,6638,A,7371,A,2000,A,2622,A,812,A,400,A,300,A,3556,A,995,A,2205,A,2752,A,2210,A,4696,A,15850,A,14694,A,13298,A,11700,A,10250,A
Panama,Tonnes - live weight,186644.947,A,222715.793,E,218459.552,A,260275.487,A,197546.101,A,177139.737,A,179249.552,A,167243.882,A,177111.277,A,210764.351,A,179657.062,A,171022.594,A,182079,A,239371,A,230648,A,222601,A,263606,A,264503,A,215374,A,230114,A,256302,A,276769,A,227596,A
Papua New Guinea,Number,5466,A,9518,A,5772,A,17727,A,15014,A,11569,A,22048,A,38395,A,22090,A,23976,A,23363,A,17218,A,33620,A,30750,A,31029,A,28579,A,32278,A,30832,A,51401,A,26482,A,28130,A,31345,A,24354,A
Papua New Guinea,Tonnes - live weight,237730.051,A,188675.47,A,217808.47,A,287309.584,A,333574.83,A,328093.47,A,322330.47,A,235013.97,A,257332.588,A,241692.588,A,257621.931,A,199876.327,A,226361.944,A,230659.729,A,222826.506,A,247890.152,A,253548.699,A,254573.484,A,242999.371,A,177328.565,A,141600.417,A,125263.881,A,110108.376,A
Paraguay,Number,,,,,,,,,,,,,1000,A,4594,A,4539,A,12331,A,2473,A,0,A,0,A,0,A,0,A,0,A,0,A,0,A,0,A,4409,A,8373,A,3793,A,9750,A
Paraguay,Tonnes - live weight,17905,E,17560,E,16975,E,16940.479,E,17110.538,E,17044.257,E,17000,E,17000,E,17000,E,17000,E,17000,E,17000,E,17800,E,18600,E,19400,E,20200,E,21000,E,21800,E,22600,E,23400,E,24200,E,25000,E,28000,E
Peru,Number,1,A,,,,,0,A,0,A,0,A,0,A,0,A,3,A,0,A,0,A,0,A,0,A,0,A,0,A,2,A,14,A,14,A,2,A,2,A,605,A,55,A,255,A
Peru,Tonnes - live weight,5368100.711,A,6576171.074,A,5676965.489,A,4852821.377,A,7208637.468,A,4185193,A,3828751,A,4843860,A,3599053,A,5876493,A,4852760,A,8254957,A,4305975,A,6933455,A,7408317,A,7221330,A,7020925,A,9393488,A,9611945,A,6093924,A,8771365,A,7991712,A,10658577,A
Philippines,Number,,,0,A,1835,A,3596,A,8760,A,1581,A,7141,A,9532,A,9369,A,3275,A,2758,A,200,A,0,A,892,A,20,A,34,A,0,A,0,A,0,A,0,A,0,A,0,A,0,A
Philippines,Tonnes - live weight,1771247.272,A,1842066.894,A,1914918.37,A,1830848.66,A,1822063.71,A,1889154.227,A,2027025.5,A,2153987,A,2249191.272,A,2201842.573,A,2206570.319,A,2220780,A,2502872,A,2513836,A,2550700,A,2520508,A,2341380.49,A,2293481,A,2235028,A,2184208,A,2045093,A,1961552,A,1920017,A
Pitcairn,Tonnes - live weight,3,E,3,E,3,E,3,E,3,E,3,E,3,E,3,E,3,E,3,E,3,E,3,E,3,E,3,E,3,E,3,E,3,E,3,E,3,E,5,E,5,E,5,E,5,E
Poland,Number,,,0,A,0,A,0,A,0,A,0,A,0,A,0,A,0,A,0,A,0,A,0,A,0,A,0,A,0,A,0,A,0,A,0,A,0,A,0,A,0,A,0,A,0,A
Poland,Tonnes - live weight,178522.95,A,201384.5,A,206390.296,A,211443,A,222704,A,226396,A,218115,A,205428,A,191598,A,214170,A,198385,A,198308,A,189722,A,223893,A,142496,A,151820,A,145479,A,155247,A,192108,A,180399,A,223440,A,225064,A,217682,A
Portugal,Number,,,,,,,0,A,0,A,0,A,0,A,0,A,0,A,0,A,0,A,0,A,0,A,0,A,35,A,0,A,1,A,4,A,7,A,4,A,0,A,0,A,0,A
Portugal,Tonnes - live weight,159890.582,A,179528.783,A,159947.958,A,185049.08,A,178270,A,182615,A,186545,A,190100,A,183664,A,196558.352,A,198738,A,216159,A,223546,A,199165,A,224446,A,256683,A,229837,A,221082,A,222556,A,212817,A,203418,A,194464,A,192120,A
Puerto Rico,Tonnes - live weight,1581.329,A,1580,E,1579.709,A,1515.28,A,1640.932,A,1555.626,A,1851.475,A,1825.858,A,1810.355,A,1912.389,A,1881.775,A,1490.135,A,1180.056,A,2312,A,2423,A,2305,A,2806,A,3561,A,3342,A,3786,A,3237,A,5043,A,5454,A
Qatar,Tonnes - live weight,18439,A,16554.5,A,15086.5,A,17130,A,14665.3,A,15358.6,A,14513.7,A,15201.8,A,16213.2,A,12006,A,11275,A,12985,A,13760,A,14064,A,17688,A,15190,A,16376,A,13935,A,11134,A,11295,A,7155,A,8864,A,7140,A
Republic of Korea,Number,5,A,12,A,2,A,1700,A,1118,A,1348,A,1304,A,1351,A,1835,A,1925,A,2637,A,644,A,577,A,556,A,728,A,610,A,544,A,551,A,254,A,480,A,339,A,477,A,174,A
Republic of Korea,Tonnes - live weight,1259439.847,A,1359948.119,A,1375688.212,A,1424966.158,A,1402763.319,A,1359547.823,A,1371347.973,A,1658001.49,A,1752865.598,A,1605307.212,A,1673719.623,A,1757193.6,A,1735000.004,A,1871904,A,1970882,A,1888362,A,1772459,A,1661761,A,1589746,A,1661787,A,1704448,A,2008995,A,1838195,A
Republic of Moldova,Tonnes - live weight,0,E,0,A,50,E,50,E,50,E,50,E,50,E,50,E,50,E,50,E,50,E,50,E,44,A,26,A,36,A,26,A,51,A,56,A,85,A,58,A,38,A,28,A,25,A
Réunion,Tonnes - live weight,2697,A,2693.082,A,2654.217,A,2496.477,A,2643.634,A,2431.978,A,3294.498,A,2775.169,A,3569.827,A,2745.937,A,2591.734,A,3047.018,A,2733.37,A,2756.597,A,2925.524,A,4021,A,3514,A,4329,A,3373,A,2903,A,2898,A,3906,A,4102,A
Romania,Tonnes - live weight,6256.435,A,6350.6,A,7972.88,E,10927.4,A,11179,A,14998,A,12728,A,9307,A,6248,E,5218,E,3960,E,3254,A,2688,A,4020,A,5410,A,6183,A,6663,A,6053,A,5095,A,9890,A,6980,A,7609,A,7372,A
Russian Federation,Number,5547,A,8766,A,7728,A,7665,A,8753,A,10753,A,3664,A,4804,A,3336,A,4769,A,5049,A,7168,A,5296,A,6588,A,17770,A,13021,A,23315,A,28510,A,14994,A,48607,A,46972,A,47664,A,50241,A
Russian Federation,Tonnes - live weight,4991530,A,5167703,A,5081016.068,A,4983420.144,A,5119477.138,A,4873829.591,A,4773470.535,A,4464131.47,A,4266059.017,A,4366230.916,A,4337952.771,A,4261516,A,4075796,A,3831957,A,3393966,A,3484225,A,3295920,A,3207876,A,2953369,A,3291224,A,3244064,A,3638827,A,4027370,A
Rwanda,Tonnes - live weight,32735,A,32094,A,29979,A,20910.2,A,23977,A,25000,A,25013,A,29334,A,25159,A,22390,A,18980,A,16994,A,13000,A,11552,A,11587,A,9186,A,7711,E,6816,A,7826,A,7400,A,7000,E,6828,A,6726,A
Saint Barthélemy,Tonnes - live weight,100,E,100,E,100,E,100,E,100,E,100,E,100,E,100,E,100,E,100,E,100,E,100,E,100,E,100,E,100,E,100,E,,,,,,,,,,,,,,
Saint Kitts and Nevis,Tonnes - live weight,670,E,672.513,A,646.54,A,652,A,1044.37,A,84958.17,A,65768.93,A,100398.52,A,66142,A,17717,A,21887,A,31071,A,21754,A,2064,A,1342,A,1275,A,1179,A,1516,A,1111,A,873,E,949,A,1039,A,970,A
Saint Lucia,Number,,,0,A,0,A,0,A,0,A,0,A,0,A,0,A,0,A,0,A,0,A,0,A,0,A,0,A,0,A,0,A,0,A,0,A,0,A,0,A,0,A,0,A,0,A
Saint Lucia,Tonnes - live weight,1442.65,A,1414.473,A,1423.829,A,1845.104,A,2019.92,A,2091.508,A,2117.647,A,2030.478,A,1981.44,A,1991.637,A,1943.517,A,1811,A,1964,A,2066,A,1895,A,1732,A,1647,A,1590,A,1706,A,1668,A,1895,A,2160,A,2027,A
Saint Martin (French part),Tonnes - live weight,90,E,90,E,90,E,90,E,90,E,90,E,90,E,90,E,90,E,90,E,90,E,90,E,90,E,90,E,90,E,90,E,,,,,,,,,,,,,,
Saint Pierre and Miquelon,Tonnes - live weight,2612.2,A,2488.35,A,2692.83,A,3330,A,3236,A,3162,A,3027,A,3498.345,A,2545.451,A,3036.878,A,3740,A,3172,A,4887,A,3879,A,4621,A,5249,A,2878,A,4694,A,4399,A,3894,A,3889,A,4206,A,6690,A
Saint Vincent and the Grenadines,Number,1,A,1,A,0,A,3,A,0,A,1,A,0,A,0,A,2,A,4,A,2,A,2,A,3,A,0,A,0,A,1,A,1,A,2,A,0,A,1,A,2,A,2,A,3,A
Saint Vincent and the Grenadines,Tonnes - live weight,1584,E,1586.279,A,2127.542,A,1968.776,A,2327.883,A,32937.784,A,22833.714,A,26132.998,A,81332.54,A,39499.904,A,10156.263,A,76576,A,66367,A,59587,A,55898,A,63309,A,51584,A,44104,A,78315,A,37767,A,46076,A,31944,A,22799,A
Samoa,Tonnes - live weight,9589.25,E,9176.417,E,9954.172,E,11213.469,E,9741.704,E,10853,E,8808,E,8701.333,E,7553,E,11253,E,11960.888,E,11452,E,12840,E,13279,A,13899,A,14091,A,12435,A,9836,E,9934,E,9703,E,10881,A,8613,A,8595,A
San Marino,Tonnes - live weight,0,N,0,N,0,N,0,N,0,N,0,N,0,N,0,N,0,N,0,N,0,N,0,N,0,N,0,N,0,N,0,N,0,N,0,N,0,N,0,N,0,N,0,N,0,N
Sao Tome and Principe,Tonnes - live weight,5703.38,A,5117.248,A,5679.458,A,5432.788,A,6006.555,E,9514.8,E,11719.7,A,11440.8,A,10001.397,E,8699.2,E,7400.1,E,6185.052,E,4837,A,4701,A,4575,A,4449,A,4323,A,4197,A,4141,A,4005,A,3820,A,3692,A,3700,E
Saudi Arabia,Tonnes - live weight,64263.014,A,67459,A,57805,A,65477,A,50850,A,67921,A,75150,A,68130,A,68660,A,71946,A,65170,A,64481,A,65145,A,67664,A,68898,A,66221,A,65485,A,60421,A,55418,A,55440,A,57211,A,55331,A,49080,A
Senegal,Number,0,A,0,A,0,A,0,A,0,A,0,A,7,A,7,A,0,A,0,A,0,A,0,A,0,A,0,A,1,A,0,A,2,A,0,A,0,A,0,A,0,A,0,A,0,A
Senegal,Tonnes - live weight,533771.212,E,513957.078,A,458363.426,A,516141.255,A,484654.67,A,534939.6,A,474172.324,A,425442.12,A,458530.425,A,469595.59,A,461077.16,A,427134.56,A,409715,A,446200,A,428298,A,412360,A,368388,A,399848,A,434525,A,469284,A,398040,A,431252,A,436005,A
Serbia,Tonnes - live weight,2379,A,2353,A,1932,A,2547,A,2082,A,2209,A,2067,A,3150,A,3593,A,5040,A,4798,A,5384,A,4807,A,3846,A,3153,A,2535,A,2632,A,,,,,,,,,,,,
Serbia and Montenegro,Tonnes - live weight,,,,,,,,,0,A,0,A,0,A,0,A,0,A,0,A,0,A,0,A,0,A,0,A,0,A,0,A,0,A,2431,A,2389,A,1801.06,A,1588.075,A,1093.285,A,1272.2,A
Seychelles,Tonnes - live weight,137838.332,A,144232.337,A,139647.608,A,142169.392,A,146623.5,A,142653.072,A,127547.747,A,105355.082,A,75377.032,A,73909.641,A,68687,A,75480.999,A,87111,A,81114,A,69199,A,65514,A,92739,A,108680,A,100671,A,86020,A,63383,A,53591,A,32778,A
Sierra Leone,Number,,,0,A,0,A,0,A,0,A,0,A,0,A,0,A,0,A,0,A,0,A,0,A,0,A,0,A,0,A,0,A,0,A,0,A,0,A,0,A,0,A,0,A,0,A
Sierra Leone,Tonnes - live weight,215140,E,204900,E,200630,E,202100,E,202100,E,202100,E,202100,E,202100,E,206477,E,205000,E,203500,E,202000,E,200000,E,199000,E,197582,A,139535,A,144146,A,142993,A,132440,A,95926,A,82990,A,75210,A,74730,A
Singapore,Number,1798,A,1836,A,2100,A,2225,A,1996,A,1458,A,1571,A,1971,A,2979,A,2859,A,3793,A,1659,A,1217,A,1086,A,1877,A,1653,A,1712,A,1330,A,1136,A,1074,A,1058,A,1041,A,481,A
Singapore,Tonnes - live weight,207.405,A,306.32,A,355.59,A,1417.707,A,1309.741,A,1110,A,1234,A,1265,A,1433,A,1645,A,1969,A,1618,A,1732,A,2121,A,1623,A,3522,A,3103,A,1920,A,2173,A,2085,A,2769,A,3342,A,5371,A
Sint Maarten (Dutch part),Tonnes - live weight,253,E,253,E,253,E,253,E,253,E,253,E,253,E,253,E,253,E,253,E,253,E,253,E,,,,,,,,,,,,,,,,,,,,,,
Slovakia,Tonnes - live weight,1895,E,1815,E,1736,A,1853,E,1937,E,1870,A,1866,A,1971,A,1944,A,1986,A,1945,A,1935,A,1608,A,1761,A,1655,A,1994,A,1718,A,1693,A,1603,A,1646,A,1746,A,1531,A,1368,A
Slovenia,Tonnes - live weight,272.257,A,268.812,A,311.999,A,281.36,A,263.745,A,280.07,A,310.519,A,343.392,A,410.5,A,400.216,A,485.188,A,890.609,A,941,A,1035.259,A,881.714,A,1112.454,A,1133.169,A,1227,A,1023,A,1282,A,1686,A,1827,A,1856,A
Solomon Islands,Tonnes - live weight,47838.082,A,49829.282,A,40902.666,A,68303.89,A,62640.118,A,49988,A,65572.356,A,67995.988,A,70717.31,A,36708.884,A,38892.074,A,38720.16,A,37544.657,A,28652.598,E,27457.7,E,32150.18,A,39525.66,A,30171.14,A,35045.671,A,36699.22,A,26252.545,A,24538.361,A,19564.332,A
Somalia,Number,,,0,A,0,A,0,A,0,A,0,A,0,A,0,A,0,A,0,A,0,A,0,A,0,A,0,A,0,A,0,A,0,A,0,A,0,A,0,A,0,A,0,A,0,A
Somalia,Tonnes - live weight,30000,E,30000,E,30000,E,30000,E,30000,E,30000,E,30000,E,30000,E,30000,E,30000,E,30000,E,30000,E,30000,E,30000,E,30000,E,30000,E,30000,E,25000,E,30000,E,30000,E,29000,E,31900,E,24150,E
South Africa,Number,108642,A,121478,A,50844,A,68846,A,55076,A,64053,A,37973,A,59638,A,121021,A,74232,A,70899,A,30695,A,47267,A,24988,A,40197,A,34837,A,24089,A,25603,A,35838,A,31391,A,45865,A,33211,A,29733,A
South Africa,Tonnes - live weight,473450.53,A,494129.207,A,603682.466,A,447004.204,A,570386.278,A,529925.776,A,622090.037,A,572335.027,A,609247.003,A,430865.76,A,719247.404,A,544964,A,640656,A,523352,A,655915,A,690857,A,629034,A,825109,A,911731,A,840624,A,793664,A,782717,A,664267,A
South Sudan,Tonnes - live weight,47000,E,44000,E,41000,E,43000,E,41000,E,39000,E,37000,E,37000,E,37000,E,37000,E,37000,E,,,,,,,,,,,,,,,,,,,,,,,,
Spain,Number,21,A,,,,,16,A,24,A,22,A,25,A,6,A,3,A,65,A,12,A,8,A,2,A,1,A,8,A,4,A,18,A,8,A,261,A,297,A,49,A,15,A,32,A
Spain,Tonnes - live weight,809094.477,A,803120.914,A,798280.421,A,882909.496,A,930720.892,A,948066.068,A,911501.802,A,972366.292,A,1059920.786,A,985028.893,A,926228.753,A,1006430.305,A,970774.046,A,927955.358,A,918313.559,A,818025.854,A,959684.38,A,853942.1,A,810898.8,A,888546.4,A,883101.5,A,1090277.3,A,1062915,A
Sri Lanka,Number,,,0,A,0,A,0,A,0,A,0,A,0,A,0,A,0,A,0,A,0,A,0,A,0,A,0,A,0,A,0,A,0,A,0,A,0,A,0,A,0,A,0,A,0,A
Sri Lanka,Tonnes - live weight,332622.722,A,372451.539,A,382486.799,A,471714.311,A,479279.74,A,472900.442,A,486425.38,A,467464.25,A,493496.701,A,461229.6,A,450850.616,A,421764.702,A,390187,A,336942,A,323888,A,304903,A,278603,A,216663,A,332854.4,A,319759.2,A,272602,A,267550,A,296749.6,A
Sudan,Tonnes - live weight,44250,E,40970,E,37660,E,40770,E,41041,A,38390,A,35502,E,33008,A,33508,E,33708,E,34008,E,,,,,,,,,,,,,,,,,,,,,,,,
Sudan (former),Number,,,,,,,,,,,,,,,,,,,,,,,,,20,A,,,,,,,,,,,,,,,,,,,,
Sudan (former),Tonnes - live weight,,,,,,,,,,,,,,,,,,,,,,,71008,E,71358,E,71698,A,68602.5,E,65516.5,A,57007.5,E,59007.5,E,63007.5,E,59007.5,E,57007.5,A,58007.5,A,53010,E
Suriname,Tonnes - live weight,33695,E,32130,E,29772,A,31388,A,39299,A,48584,A,43063,A,39463,A,33459,A,35516,A,35930,E,35490,E,35085,A,26143,A,24132,A,30901,A,31921,A,29620,A,32872,A,35594,A,30705,E,28557,A,24238,E
Svalbard and Jan Mayen Islands,Tonnes - live weight,0,N,0,N,0,N,0,N,0,N,0,N,0,N,0,N,0,N,0,N,0,N,0,N,0,N,0,N,0,N,0,N,0,N,0,N,0,N,0,N,0,N,0,N,0,N
Sweden,Number,,,,,,,0,A,0,A,0,A,0,A,0,A,0,A,0,A,0,A,0,A,0,A,1,A,1,A,3,A,2,A,0,A,1,A,5,A,3,A,3,A,5,A
Sweden,Tonnes - live weight,152028.06,A,167366.29,A,179642.86,A,184337,A,221662,A,228726,A,205465,A,211963,A,181574,A,188951,A,151609,A,181321,A,212035,A,203415,A,231336,A,238253,A,269251,A,256359,A,269930,A,286875,A,294964,A,311817,A,338534,A
Switzerland,Tonnes - live weight,1485.92,A,1485.92,A,1485.92,A,1382.313,A,1553,A,1932,A,1851,A,2023,A,1983,A,2007,A,2003,A,2098,A,2101,A,2184,A,2084,A,1653,A,1690,A,1738,A,1602,A,1815,A,1544,A,1715,A,1659,A
Syrian Arab Republic,Tonnes - live weight,4430,E,4310,E,3845,E,4080,E,4074,E,4065,E,4179,E,3822,E,4099,E,4800,E,5300,E,5900,E,6637,A,6607,A,6995,A,9457,A,8264,A,8447,A,8528,A,8911,A,9178,A,8291,A,6572,A
Taiwan Province of China,Number,16,A,20,A,19,A,22,A,23,A,27,A,32,A,36,A,32,A,37,A,33,A,31,A,30,A,27,A,34,A,38,A,34,A,82,A,47,A,36,A,0,A,0,A,0,A
Taiwan Province of China,Tonnes - live weight,614595.218,A,691081.289,A,605421.443,A,734289.446,A,793304.128,A,737507.106,A,740552.402,A,980125.359,A,1057939.588,A,915252.088,A,907413.244,A,906150.209,A,853109.929,A,770278.12,A,1015805.715,A,1173741.915,A,967774.51,A,1017471.202,A,980362.173,A,1135684.129,A,1042914.368,A,1005296.101,A,1094018.5,A
Tajikistan,Tonnes - live weight,2425,E,2350.215,E,1809.86,E,1716.33,E,1195.999,E,1105,E,1100.001,E,1176.001,E,1174,E,1179,E,714.001,E,843,A,690,E,535,E,380,E,225,E,215,E,167,E,184,A,158,A,181,A,137,A,167,E
Thailand,Number,21443,A,21844,A,14392,A,16926,A,20043,A,16192,A,21283,A,34264,A,33962,A,41255,A,34101,A,34878,A,31513,A,26119,A,41669,A,40190,A,32447,A,28641,A,20405,A,10982,A,3580,A,2399,A,4945,A
Thailand,Tonnes - live weight,1385491.33,A,1414583.6,A,1588859.33,A,1527182.38,A,1536755.76,A,1493058.35,A,1532191.854,A,1502153.063,A,1676566.771,A,1831808.496,A,1727647.07,A,1835125.149,A,1810620,A,1870702,A,1873432,A,2304951,A,2698803,A,2814295,A,2839669,A,2849670,A,2842428,A,2833974,A,2997124,A
Timor-Leste,Tonnes - live weight,6706.6,A,6525.9,A,6806.24,A,7053.41,A,5997.04,A,5380,E,4580,E,4180,E,3880,E,3580,E,3200,E,3200,E,3200,E,3200,E,3243,E,2911,E,3300,E,3650,E,4000,E,3850,E,3720,E,3561,E,3621,E
Togo,Tonnes - live weight,21505.22,A,17984,A,18034,A,25526,A,24620,A,26915,A,31891,A,21497,A,19849,A,20015,A,19320,A,24122,A,27535,A,27025,A,22765,E,19905,A,24830,A,27706,A,28013,A,27485,A,20946,A,23163,A,22277,A
Tokelau,Tonnes - live weight,38,E,70,A,70,A,86,A,74,A,86,A,198,A,198,A,105,A,196,A,248,A,64,E,54,E,62,E,68,E,78,E,86,E,96,E,103,E,113,E,128,E,140,E,160,E
Tonga,Number,,,0,A,0,A,0,A,0,A,0,A,0,A,0,A,0,A,0,A,0,A,0,A,0,A,0,A,0,A,0,A,0,A,0,A,0,A,0,A,0,A,0,A,0,A
Tonga,Tonnes - live weight,1326.038,E,1115.219,E,1097.123,E,1212.605,E,1244.392,E,1401,E,1605,E,1803.03,A,1921.03,E,1896,E,2323.154,E,2130.349,E,2076,E,1955,E,2293,E,2727,E,2882,E,2566,E,3352,A,4754,A,5260,A,4947,A,4231,A
Trinidad and Tobago,Tonnes - live weight,13069.012,A,13084.17,A,12912.669,A,12941.729,A,13184.339,A,12942.125,A,13115.953,A,12141,A,13290,A,13217,A,11747,A,13114,A,13930,A,13863,A,13833,A,13463,A,13123,A,16996,A,14713,A,14592,A,18768,A,16598,A,14237,A
Tunisia,Tonnes - live weight,128705.372,E,124243.444,E,121822,E,130981.999,E,115123.001,A,107897,A,109777,A,117011,A,114520,A,109825,A,108184,A,102200.6,A,93178.8,A,94536.809,A,96189.749,A,103821.191,A,111394.542,A,109153.314,A,110371.672,A,90262.121,A,96727.571,A,97526.097,A,94670.83,A
Türkiye,Number,,,0,A,0,A,0,A,0,A,0,A,0,A,0,A,0,A,0,A,0,A,0,A,0,A,0,A,0,A,0,A,0,A,0,A,0,A,0,A,100,A,0,A,0,A
Türkiye,Tonnes - live weight,335002.9,A,328158,A,364404.882,A,463194.962,A,314242.505,A,354470.494,A,335345.277,A,431918.779,A,302228.976,A,374141.361,A,432452.641,A,514790.156,A,485925,A,463917,A,494118,A,632450,A,533048,A,426496,A,550482,A,507772,A,566682,A,527736,A,503352,A
Turkmenistan,Tonnes - live weight,15097,E,15042,E,14605,E,15000,E,15000,E,15000,E,15000,E,15000,E,15000,E,15000,E,15000,E,15000,E,15000,E,15000,E,15000,E,15000,E,15000,E,15000,E,14992,A,14543,A,12812,A,12749,A,12228,A
Turks and Caicos Islands,Tonnes - live weight,3241,A,2277,A,1297,A,1243,A,2090,A,1324,A,3145,A,2917,A,2361,A,2013,A,1960,A,3327,A,3801,A,5446.7,A,6804,A,6136,A,4860,A,6046,A,5506,A,5681,A,5124.7,A,5787.5,A,6385.6,A
Tuvalu,Tonnes - live weight,42781,A,31086.506,A,11295,A,8357.278,A,12819.386,A,7475,A,7684,A,6147,A,7379,A,12923,A,17619,A,11850,A,11466,A,5228,A,4380,E,3770,E,3160,E,2560,A,2450,A,1500,A,600,E,500,E,500,E
Uganda,Number,0,A,0,A,,,500,A,550,A,,,500,A,500,A,515,A,,,405,A,0,A,,,,,290,A,,,,,300,A,600,A,2,A,,,900,A,508,A
Uganda,Tonnes - live weight,444935,A,634594.96,A,578684,A,603224,A,439354,A,389629,A,381803,A,396205,A,461196,A,419249,A,407638,A,437415,A,413805,A,412000,E,403500,E,431500,E,367099,A,416758,A,371789,A,241810,A,221898,A,220726,A,219356,A
Ukraine,Number,,,,,,,0,A,0,A,0,A,0,A,0,A,0,A,0,A,0,A,0,A,0,A,0,A,0,A,0,A,0,A,0,A,0,A,0,A,0,A,0,A,0,A
Ukraine,Tonnes - live weight,22720.929,A,63048.279,A,69467.082,A,81730.61,A,76506.98,A,93481.876,A,75858.843,A,120486.142,A,143083.076,A,203668.705,A,154392,A,179984,A,209948,A,220718,A,234079,A,215400,A,219228,A,268007,A,222272.008,A,257628,A,265746,A,310978,A,391867,A
United Arab Emirates,Tonnes - live weight,65510,A,67944,A,71388,A,72117,A,75615,A,75287,A,73287,A,74056,A,73018,A,73203,A,72728,A,75147,A,70590,A,77705,A,74075,A,96453,A,100403,A,86735,A,90000,E,95150,A,97574,A,112561,A,105456,A
United Kingdom of Great Britain and Northern Ireland,Number,22,A,20,A,21,A,23,A,15,A,21,A,11,A,22,A,14,A,58,A,0,A,118,A,0,A,0,A,28,A,55,A,54,A,2,A,467,A,142,A,68,A,87,A,49,A
United Kingdom of Great Britain and Northern Ireland,Tonnes - live weight,617387.965,A,635000.456,A,626404.881,A,618928.161,A,699262.93,A,725343.163,A,697254.306,A,706148.067,A,755988.067,A,632342.047,A,631326.516,A,601079.955,A,612629,A,590853,A,595993,A,619692,A,624684,A,670334,A,654495,A,643819.002,A,728987,A,769481,A,754478,A
United Republic of Tanzania,Number,33,A,1345,A,1243,A,1328,A,1291,A,1290,A,1294,A,1294,A,1287,A,1379,A,1209,A,1702,A,601,A,790,A,1784,A,1556,A,1100,A,1427,A,1572,A,1502,A,1383,A,1639,A,1302,A
United Republic of Tanzania,Tonnes - live weight,472892.761,A,477775.425,A,472951.163,A,468437.258,A,377993.742,A,388846.73,A,370620.345,A,374871.456,A,341593.351,A,379843.082,A,379481.641,A,348953.479,A,351391,A,334954,A,326286,A,426666,A,336364,A,375842,A,364244.68,A,354689.747,A,329057,A,341987.743,A,327264,A
"United Republic of Tanzania, Zanzibar",Tonnes - live weight,38650,E,36800,E,38105,A,36728,A,35445,A,35057,A,33893,A,34103,A,32872,A,30712,A,29810,A,28757,A,25690,A,25394,A,24514,A,23580,A,24418,A,23210,A,23488,A,20859,A,20341,A,20541,A,17922,A
United States of America,Number,534881,A,411991,A,424024,A,487092,A,597156,A,463963,A,554293,A,428895,A,486505,A,481867,A,327458,A,310935,A,370293,A,297633,A,232476,A,389536,A,423440,A,358772,A,370883,A,358470,A,328497,A,268599,A,253026,A
United States of America,Tonnes - live weight,4262836,A,4307886,A,4268937,A,4824484,A,4796708,A,5025904,A,4844740,A,4989616,A,4935679,A,5051397,A,5075771,A,5135091,A,4396944,A,4229471,A,4374054,A,4800372,A,4887768,A,4962122,A,4992380,A,4986926,A,4998490,A,5006556,A,4788532,A
United States Virgin Islands,Tonnes - live weight,385,E,420.324,A,355.592,A,332.715,A,289.989,A,548.89,A,588.553,A,461.535,A,503.56,A,490.673,A,619.25,A,810.738,A,1081.283,A,1393,A,1314,A,1458,A,2213,A,1634,A,1970,A,1867,A,1796,E,1738,E,1673,E
Uruguay,Number,,,,,,,,,168,A,166,A,138,A,183,A,106,A,55,A,55,A,53,A,80,A,82,A,63,A,82,A,35,A,54,A,93,A,79,A,64,A,78,A,32,A
Uruguay,Tonnes - live weight,68781.641,A,66300.607,A,62879.956,A,68005.77,A,69725.333,A,65308.649,A,51551.75,A,59540.099,A,65080.716,A,59195.865,A,76161.745,A,89269.133,A,74153,A,80872,A,108797,A,108722.198,A,133987,A,125818.053,A,122989,A,117269,A,108102,A,104982,A,113326,A
Uzbekistan,Tonnes - live weight,55000,E,53000,E,46099.999,E,40000,E,33600,E,31450,E,27267,A,22956,A,17116,A,13670,A,11052,A,8513,A,4078,E,4100,E,3800,E,3100,E,3400,E,2900,E,1900,A,2100,E,2600,E,3400,A,3306,A
Vanuatu,Tonnes - live weight,88117.341,A,69872.539,A,63665.505,A,57184.384,A,43374.56,A,34497,A,46641.1,A,83013,A,70707.26,A,70636.574,A,67482.582,A,59315.5,A,101244.5,A,150544.3,A,172595,A,213697.2,A,222561,A,229553,A,212786.63,A,113867,A,44968,A,36176,A,70589,A
Venezuela (Bolivarian Republic of),Number,,,3788,A,17251,A,20457,A,43881,A,25402,A,21465,A,15663,A,16696,A,10741,A,26130,A,27797,A,13652,A,16246,A,15489,A,23201,A,60864,A,58346,A,63902,A,33942,A,20349,A,19215,A,23655,A
Venezuela (Bolivarian Republic of),Tonnes - live weight,212118.571,E,223100.003,E,195900.003,E,176299.999,E,182600.001,E,237200.005,E,283742.643,A,240619.311,A,209498.211,A,213755.957,A,213248.664,A,201429.177,A,218853,E,316483,E,295566,A,347958,A,316397,E,403130,E,573593,E,503840,A,509739,A,468103,A,359639,A
Viet Nam,Number,6411.55,A,16292,A,35215,A,9199,A,40112,A,18503,A,13041,A,12595,A,20580,A,9319,A,3615,A,4242,A,3285,A,9483,A,23062,A,17190,A,16125,A,3376,A,831,A,0,A,0,A,0,A,0,A
Viet Nam,Tonnes - live weight,3590003.03,A,3540250.15,A,3506056.76,A,3440531.31,A,3346179,A,3314293,A,3077941,A,2860638,A,2743462,A,2623588,A,2523673,A,2399528,A,2249711,A,2178400,A,2054700,A,2074500,A,2026600,A,1987900,A,1940034,A,1856005,A,1802598,A,1724758,A,1629612,E
Wallis and Futuna Islands,Tonnes - live weight,204.326,A,264,A,263.8,A,304.239,A,260,A,216,A,182,A,204,A,181,A,237,A,210,A,417,A,801,E,773,E,725,E,677,E,629.2,A,529.75,E,415.2,E,359.123,A,340,E,335,E,330,E
Yemen,Tonnes - live weight,178190,E,154940,E,131306.513,E,131305.736,E,131307.992,E,131289.992,E,152130.991,E,177407.997,E,214201.982,E,228782.986,E,227114.985,E,154060.993,A,163861,A,179603,A,132062,E,179916,E,229660,E,238400,E,256300,E,228116,E,179584,E,142198,E,114750,E
Yugoslavia SFR,Tonnes - live weight,,,,,,,,,0,A,0,A,0,A,0,A,0,A,0,A,0,A,0,A,0,A,0,A,0,A,0,A,0,A,0,A,0,A,0,A,0,A,0,A,0,A
Zambia,Number,20375,A,13115,A,22767,A,27519,A,8913,A,31853,A,112374,A,43926,A,44233,A,45368,A,15331,A,43652,A,23717,A,43655,A,28197,A,37305,A,39804,A,28490,A,26353,A,28019,A,22259,A,20900,A,19740,A
Zambia,Tonnes - live weight,109428,A,105125,A,106836,A,97463,A,98538,A,101036,A,91975,A,90064,A,87226,A,87787,A,87638,A,69364,A,76396,A,84716,A,79404,A,73542,A,60237,A,65748,A,67725,A,66332,A,63000,A,63000,A,66671,A
Zimbabwe,Number,59447,A,87460,A,76479,A,85148,A,98797,A,84210,A,113491,A,115499,A,130735,A,115499,A,88421,A,90535,A,80995,A,62101,A,81554,A,64490,A,80873,A,69374,A,60185,A,73707,A,79932,A,76157,A,81898,A
Zimbabwe,Tonnes - live weight,26161,A,22734,A,26671.559,A,26569.258,A,29306.96,A,31258.346,A,29356.543,A,24833.55,A,28353.125,A,22500,E,19900,E,17200,E,14550,E,12800,E,11400,E,10500,E,10500,E,10420,A,10500,E,10600,A,11500,E,12300,E,13114,A